track_title,line,lyric,decade
Physical,1,I'm saying all the things that I know you'll like,1980
Physical,2,Making good conversation,1980
Physical,3,I gotta handle you just right,1980
Physical,4,You know what I mean,1980
Physical,5,I took you to an intimate restaurant,1980
Physical,6,Then to a suggestive movie,1980
Physical,7,There's nothing left to talk about,1980
Physical,8,Unless it's horizontally,1980
Physical,9,"Let's get physical, physical",1980
Physical,10,I wanna get physical,1980
Physical,11,Let's get into physical,1980
Physical,12,"Let me hear your body talk, your body talk",1980
Physical,13,Let me hear your body talk,1980
Physical,14,"Let's get physical, physical",1980
Physical,15,I wanna get physical,1980
Physical,16,Let's get into physical,1980
Physical,17,"Let me hear your body talk, your body talk",1980
Physical,18,Let me hear your body talk,1980
Physical,19,"I've been patient, I've been good",1980
Physical,20,Tried to keep my hands on the table,1980
Physical,21,It's gettin' hard this holdin' back,1980
Physical,22,If you know what I mean,1980
Physical,23,I'm sure you'll understand my point of view,1980
Physical,24,We know each other mentally,1980
Physical,25,You gotta know that you're bringin' out,1980
Physical,26,The animal in me,1980
Physical,27,"Let's get physical, physical",1980
Physical,28,I wanna get physical,1980
Physical,29,Let's get into physical,1980
Physical,30,"Let me hear your body talk, your body talk",1980
Physical,31,Let me hear your body talk,1980
Physical,32,"Let's get physical, physical",1980
Physical,33,I wanna get physical,1980
Physical,34,Let's get into physical,1980
Physical,35,"Let me hear your body talk, your body talk",1980
Physical,36,Let me hear your body talk,1980
Physical,37,"Let's get physical, physical",1980
Physical,38,I wanna get physical,1980
Physical,39,Let's get into physical,1980
Physical,40,"Let me hear your body talk, your body talk",1980
Physical,41,Let me hear your body talk,1980
Physical,42,"Let's get animal, animal",1980
Physical,43,I wanna get animal,1980
Physical,44,Let's get into animal,1980
Physical,45,Let me hear your body talk,1980
Physical,46,Let me hear your body talk,1980
Bette Davis Eyes,1,Her hair is Harlow gold,1980
Bette Davis Eyes,2,Her lips sweet surprise,1980
Bette Davis Eyes,3,Her hands are never cold,1980
Bette Davis Eyes,4,She's got Bette Davis eyes,1980
Bette Davis Eyes,5,She'll turn her music on you,1980
Bette Davis Eyes,6,You won't have to think twice,1980
Bette Davis Eyes,7,She's pure as New York snow,1980
Bette Davis Eyes,8,She got Bette Davis eyes,1980
Bette Davis Eyes,9,And she'll tease you,1980
Bette Davis Eyes,10,She'll unease you,1980
Bette Davis Eyes,11,All the better just to please you,1980
Bette Davis Eyes,12,She's precocious and she knows just,1980
Bette Davis Eyes,13,What it takes to make a pro blush,1980
Bette Davis Eyes,14,She got Greta Garbo stand off sighs,1980
Bette Davis Eyes,15,She's got Bette Davis eyes,1980
Bette Davis Eyes,16,She'll let you take her home,1980
Bette Davis Eyes,17,It whets her appetite,1980
Bette Davis Eyes,18,She'll lay you on her throne,1980
Bette Davis Eyes,19,She got Bette Davis eyes,1980
Bette Davis Eyes,20,She'll take a tumble on you,1980
Bette Davis Eyes,21,Roll you like you were dice,1980
Bette Davis Eyes,22,Until you come up blue,1980
Bette Davis Eyes,23,She's got Bette Davis eyes,1980
Bette Davis Eyes,24,She'll expose you,1980
Bette Davis Eyes,25,When she snows you,1980
Bette Davis Eyes,26,Off your feet with the crumbs she throws you,1980
Bette Davis Eyes,27,She's ferocious and she knows just,1980
Bette Davis Eyes,28,What it takes to make a pro blush,1980
Bette Davis Eyes,29,All the boys think she's a spy,1980
Bette Davis Eyes,30,She's got Bette Davis eyes,1980
Bette Davis Eyes,31,And she'll tease you,1980
Bette Davis Eyes,32,She'll unease you,1980
Bette Davis Eyes,33,All the better just to please you,1980
Bette Davis Eyes,34,She's precocious and she knows just,1980
Bette Davis Eyes,35,What it takes to make a pro blush,1980
Bette Davis Eyes,36,All the boys think she's a spy,1980
Bette Davis Eyes,37,She's got Bette Davis eyes,1980
Bette Davis Eyes,38,She'll tease you,1980
Bette Davis Eyes,39,She'll unease you,1980
Bette Davis Eyes,40,Just to please ya,1980
Bette Davis Eyes,41,She's got Bette Davis eyes,1980
Bette Davis Eyes,42,She'll expose you,1980
Bette Davis Eyes,43,When she snows you,1980
Bette Davis Eyes,44,She knows ya,1980
Bette Davis Eyes,45,She's got Bette Davis eyes,1980
Endless Love,1,My love,1980
Endless Love,2,There's only you in my life,1980
Endless Love,3,The only thing that's bright,1980
Endless Love,4,My first love,1980
Endless Love,5,You're every breath that I take,1980
Endless Love,6,You're every step I make,1980
Endless Love,7,And I,1980
Endless Love,8,I want to share,1980
Endless Love,9,All my love with you,1980
Endless Love,10,No one else will do,1980
Endless Love,11,And your eyes,1980
Endless Love,12,"Your eyes, your eyes",1980
Endless Love,13,They tell me how much you care,1980
Endless Love,14,"Ooh yes, you will always be",1980
Endless Love,15,My endless love,1980
Endless Love,16,Two hearts,1980
Endless Love,17,Two hearts that beat as one,1980
Endless Love,18,Our lives have just begun,1980
Endless Love,19,Forever,1980
Endless Love,20,(Ohhhhhh),1980
Endless Love,21,I'll hold you close in my arms,1980
Endless Love,22,I can't resist your charms,1980
Endless Love,23,And love,1980
Endless Love,24,"Oh, love",1980
Endless Love,25,I'll be a fool,1980
Endless Love,26,For you,1980
Endless Love,27,I'm sure,1980
Endless Love,28,You know I don't mind,1980
Endless Love,29,"Oh, you know I don't mind",1980
Endless Love,30,Cause you,1980
Endless Love,31,You mean the world to me,1980
Endless Love,32,Oh,1980
Endless Love,33,I know,1980
Endless Love,34,I know,1980
Endless Love,35,I've found in you,1980
Endless Love,36,My endless love,1980
Endless Love,37,Oooh-woow,1980
Endless Love,38,"Boom, boom",1980
Endless Love,39,NA,1980
Endless Love,40,"And, yes",1980
Endless Love,41,You'll be the only one,1980
Endless Love,42,Cause no one can deny,1980
Endless Love,43,This love I have inside,1980
Endless Love,44,And I'll give it all to you,1980
Endless Love,45,My love,1980
Endless Love,46,"My love, my love",1980
Endless Love,47,My endless love,1980
Eye of the Tiger,1,"Rising up, back on the street",1980
Eye of the Tiger,2,"Did my time, took my chances",1980
Eye of the Tiger,3,"Went the distance, now I'm back on my feet",1980
Eye of the Tiger,4,Just a man and his will to survive,1980
Eye of the Tiger,5,So many times it happens too fast,1980
Eye of the Tiger,6,You trade your passion for glory,1980
Eye of the Tiger,7,Don't lose your grip on the dreams of the past,1980
Eye of the Tiger,8,You must fight just to keep them alive,1980
Eye of the Tiger,9,It's the eye of the tiger,1980
Eye of the Tiger,10,It's the thrill of the fight,1980
Eye of the Tiger,11,Rising up to the challenge of our rival,1980
Eye of the Tiger,12,And the last known survivor,1980
Eye of the Tiger,13,Stalks his prey in the night,1980
Eye of the Tiger,14,And he's watching us all,1980
Eye of the Tiger,15,With the eye of the tiger,1980
Eye of the Tiger,16,"Face to face, out in the heat",1980
Eye of the Tiger,17,"Hanging tough, staying hungry",1980
Eye of the Tiger,18,They stack the odds 'til we take to the street,1980
Eye of the Tiger,19,For the kill with the skill to survive,1980
Eye of the Tiger,20,It's the eye of the tiger,1980
Eye of the Tiger,21,It's the thrill of the fight,1980
Eye of the Tiger,22,Rising up to the challenge of our rival,1980
Eye of the Tiger,23,And the last known survivor,1980
Eye of the Tiger,24,Stalks his prey in the night,1980
Eye of the Tiger,25,And he's watching us all,1980
Eye of the Tiger,26,With the eye of the tiger,1980
Eye of the Tiger,27,"Rising up, straight to the top",1980
Eye of the Tiger,28,"Had the guts, got the glory",1980
Eye of the Tiger,29,"Went the distance, now I'm not gonna stop",1980
Eye of the Tiger,30,Just a man and his will to survive,1980
Eye of the Tiger,31,It's the eye of the tiger,1980
Eye of the Tiger,32,It's the thrill of the fight,1980
Eye of the Tiger,33,Rising up to the challenge of our rival,1980
Eye of the Tiger,34,And the last known survivor,1980
Eye of the Tiger,35,Stalks his prey in the night,1980
Eye of the Tiger,36,And he's watching us all,1980
Eye of the Tiger,37,With the eye of the tiger,1980
Eye of the Tiger,38,The eye of the tiger,1980
Eye of the Tiger,39,The eye of the tiger,1980
Eye of the Tiger,40,The eye of the tiger,1980
Eye of the Tiger,41,The eye of the tiger,1980
Every Breath You Take,1,NA,1980
Every Breath You Take,2,Every breath you take and every move you make,1980
Every Breath You Take,3,"Every bond you break, every step you take, I'll be watching you",1980
Every Breath You Take,4,"Every single day, every word you say",1980
Every Breath You Take,5,"Every game you play, every night you stay, I'll be watching you",1980
Every Breath You Take,6,"Oh can't you see, you belong to me",1980
Every Breath You Take,7,How my poor heart aches with every step you take,1980
Every Breath You Take,8,Every move you make and every vow you break,1980
Every Breath You Take,9,"Every smile you fake, every claim you stake, I'll be watching you",1980
Every Breath You Take,10,Since you've gone I've been lost without a trace,1980
Every Breath You Take,11,I dream at night I can only see your face,1980
Every Breath You Take,12,"I look around, but it's you I can't replace",1980
Every Breath You Take,13,I feel so cold and I long for your embrace,1980
Every Breath You Take,14,"I keep crying baby, baby, please",1980
Every Breath You Take,15,Ooh...,1980
Every Breath You Take,16,"Oh can't you see, you belong to me",1980
Every Breath You Take,17,How my poor heart aches with every step you take,1980
Every Breath You Take,18,Every move you make and every vow you break,1980
Every Breath You Take,19,"Every smile you fake, every claim you stake, I'll be watching you",1980
Every Breath You Take,20,"Every move you make, every step you take, I'll be watching you",1980
Every Breath You Take,21,I'll be watching you,1980
Every Breath You Take,22,"(Every breath you take, every move you make)",1980
Every Breath You Take,23,"(Every bond you break, every step you take)",1980
Every Breath You Take,24,I'll be watching you,1980
Every Breath You Take,25,"(Every single day, every word you say)",1980
Every Breath You Take,26,"(Every game you play, every night you stay)",1980
Every Breath You Take,27,I'll be watching you,1980
Every Breath You Take,28,"(Every move you make, every vow you break)",1980
Every Breath You Take,29,"(Every smile you fake, every claim you stake)",1980
Every Breath You Take,30,I'll be watching you,1980
Every Breath You Take,31,"(Every single day, every word you say)",1980
Every Breath You Take,32,"(Every game you play, every night you stay)",1980
Every Breath You Take,33,I'll be watching you,1980
Every Breath You Take,34,"(Every breath you take, every move you make)",1980
Every Breath You Take,35,"(Every bond you break, every step you take)",1980
Every Breath You Take,36,I'll be watching you,1980
Every Breath You Take,37,"(Every single day, every word you say)",1980
Every Breath You Take,38,"(Every game you play, every night you stay)",1980
Every Breath You Take,39,I'll be watching you,1980
Every Breath You Take,40,"(Every move you make, every vow you break)",1980
Every Breath You Take,41,"(Every smile you fake, every claim you stake)",1980
Every Breath You Take,42,I'll be watching you,1980
Every Breath You Take,43,I'll be watching you,1980
Every Breath You Take,44,"(Every single day, every word you say)",1980
Every Breath You Take,45,"(Every game you play, every night you stay)",1980
Every Breath You Take,46,I'll be watching you,1980
How Do I Live,1,How do I get through one night without you?,1990
How Do I Live,2,If I had to live without you,1990
How Do I Live,3,What kind of life would that be?,1990
How Do I Live,4,"Oh, I, I need you in my arms, need you to hold",1990
How Do I Live,5,"You're my world, my heart, my soul and if you ever leave",1990
How Do I Live,6,Baby you would take away everything good in my life,1990
How Do I Live,7,And tell me now,1990
How Do I Live,8,How do I live without you? I want to know,1990
How Do I Live,9,How do I breathe without you if you ever go?,1990
How Do I Live,10,"How do I ever, ever survive?",1990
How Do I Live,11,"How do I, how do I, oh, how do I live?",1990
How Do I Live,12,Without you there'd be no sun in my sky,1990
How Do I Live,13,There would be no love in my life,1990
How Do I Live,14,There'd be no world left for me,1990
How Do I Live,15,"And I, baby, I don't know what I would do",1990
How Do I Live,16,"I'd be lost if I lost you, if you ever leave",1990
How Do I Live,17,"Baby, you would take away everything real in my life",1990
How Do I Live,18,And tell me now,1990
How Do I Live,19,How do I live without you? I want to know,1990
How Do I Live,20,How do I breathe without you if you ever go?,1990
How Do I Live,21,"How do I ever, ever survive?",1990
How Do I Live,22,"How do I, how do I, oh, how do I live?",1990
How Do I Live,23,"Please, tell me, baby",1990
How Do I Live,24,How do I go on if you ever leave?,1990
How Do I Live,25,"Baby, you would take away everything, I need you with me",1990
How Do I Live,26,"Baby, don't you know that you're everything good in my life?",1990
How Do I Live,27,And tell me now,1990
How Do I Live,28,How do I live without you? I want to know,1990
How Do I Live,29,How do I breathe without you if you ever go,1990
How Do I Live,30,"How do I ever, ever survive?",1990
How Do I Live,31,"How do I, how do I, oh, how do I live?",1990
How Do I Live,32,How do I live without you?,1990
How Do I Live,33,"How do I live without you, baby?",1990
How Do I Live,34,How do I live?,1990
Too Close,1,I wonder if she could tell I'm hard right now,1990
Too Close,2,"Yeah, come on, dance for me, baby, yeah",1990
Too Close,3,"You feel that? All right, come on, don't stop now",1990
Too Close,4,"You done did it, come on, yeah, all right, hold on",1990
Too Close,5,"Baby, when we're grindin', I get so excited",1990
Too Close,6,"Ooh how I like it, I try but I can't fight it",1990
Too Close,7,"Oh, you're dancin' real close, 'plus it's real, real slow",1990
Too Close,8,You're makin' it hard for me,1990
Too Close,9,Oh the songs on you requested,1990
Too Close,10,You're dancin' like you're naked,1990
Too Close,11,It's almost like we're sexin' (oh yeah),1990
Too Close,12,"Yeah, boo, I like it, no, I can't deny it",1990
Too Close,13,"But I know you can tell I'm excited, oh girl",1990
Too Close,14,"(Step back, you're dancin' kinda close)",1990
Too Close,15,(I feel a little poke comin' through on you),1990
Too Close,16,"Now girl, I know you felt it",1990
Too Close,17,"But boo, you know, I can't help it",1990
Too Close,18,You know what I wanna do,1990
Too Close,19,"Baby, when we're grindin', I get so excited",1990
Too Close,20,"Ooh how I like it, I try but I can't fight it",1990
Too Close,21,"Oh, you're dancin' real close, 'plus it's real, real slow",1990
Too Close,22,You know you're makin' it hard for me,1990
Too Close,23,"Baby, us dancin' so close ain't a good idea",1990
Too Close,24,'Cause I'ma want you now and here,1990
Too Close,25,The way that you shake it on me,1990
Too Close,26,"Makes me want you so bad sexually, oh girl",1990
Too Close,27,"(Step back, you're dancin' kinda close)",1990
Too Close,28,(I feel a little poke comin' through on you),1990
Too Close,29,"Now girl, I know you felt it",1990
Too Close,30,"But boo, you know, I can't help it",1990
Too Close,31,"You know what I wanna do, oh yes",1990
Too Close,32,"Baby, when we're grindin', I get so excited",1990
Too Close,33,"Ooh how I like it, I try but I can't fight it",1990
Too Close,34,"Oh, you're dancin' real close, 'plus it's real, real slow",1990
Too Close,35,You know you're makin' it hard for me,1990
Too Close,36,"Baby, don't stop",1990
Too Close,37,"Baby, when we're grindin', I get so excited",1990
Too Close,38,"Ooh how I like it, I try but I can't fight it",1990
Too Close,39,"Oh, you're dancin' real close, 'plus it's real, real slow",1990
Too Close,40,You're makin' it hard for me,1990
Too Close,41,I love when you shake it like that(I see that you like it like that),1990
Too Close,42,I love when you shake it like that(I see that you like it like that),1990
Too Close,43,"Baby, I like it",1990
Too Close,44,"Baby, when we're grindin', I get so excited",1990
Too Close,45,"Ooh how I like it, I try but I can't fight it",1990
Too Close,46,"Oh, you're dancin' real close, 'plus it's real, real slow",1990
Too Close,47,You're makin' it hard for me,1990
Too Close,48,I like the way you move,1990
Too Close,49,"(Baby, when we're grindin' I get so excited)",1990
Too Close,50,You're making me want you oh the way you move,1990
Too Close,51,"('Plus it's real, real slow)",1990
Too Close,52,"I like those things you do cause you're a little too close, yeah",1990
Too Close,53,"I get so excited, ooh, how I like it, I try but I can't fight it",1990
Too Close,54,"Oh, you're dancin' real close, 'plus it's real, real slow",1990
Too Close,55,You're makin' it hard for me,1990
Un-Break My Heart,1,Don't leave me in all this pain,1990
Un-Break My Heart,2,Don't leave me out in the rain,1990
Un-Break My Heart,3,Come back and bring back my smile,1990
Un-Break My Heart,4,Come and take these tears away,1990
Un-Break My Heart,5,I need your arms to hold me now,1990
Un-Break My Heart,6,The nights are so unkind,1990
Un-Break My Heart,7,Bring back those nights when I held you beside me,1990
Un-Break My Heart,8,Un-break my heart,1990
Un-Break My Heart,9,Say you'll love me again,1990
Un-Break My Heart,10,Undo this hurt you caused,1990
Un-Break My Heart,11,When you walked out the door,1990
Un-Break My Heart,12,And walked out of my life,1990
Un-Break My Heart,13,Un-cry these tears,1990
Un-Break My Heart,14,I cried so many nights,1990
Un-Break My Heart,15,Un-break my heart,1990
Un-Break My Heart,16,My heart,1990
Un-Break My Heart,17,Take back that sad word goodbye,1990
Un-Break My Heart,18,Bring back the joy to my life,1990
Un-Break My Heart,19,Don't leave me here with these tears,1990
Un-Break My Heart,20,Come and kiss this pain away,1990
Un-Break My Heart,21,I can't forget the day you left,1990
Un-Break My Heart,22,Time is so unkind,1990
Un-Break My Heart,23,And life is so cruel without you here beside me,1990
Un-Break My Heart,24,Un-break my heart,1990
Un-Break My Heart,25,Say you'll love me again,1990
Un-Break My Heart,26,Undo this hurt you caused,1990
Un-Break My Heart,27,When you walked out the door,1990
Un-Break My Heart,28,And walked out of my life,1990
Un-Break My Heart,29,Un-cry these tears,1990
Un-Break My Heart,30,I cried so many nights,1990
Un-Break My Heart,31,Un-break my heart,1990
Un-Break My Heart,32,My heart,1990
Un-Break My Heart,33,Don't leave me in all this pain,1990
Un-Break My Heart,34,Don't leave me out in the rain,1990
Un-Break My Heart,35,Bring back the nights when I held you beside me,1990
Un-Break My Heart,36,Un-break my heart,1990
Un-Break My Heart,37,Say you'll love me again,1990
Un-Break My Heart,38,Undo this hurt you caused,1990
Un-Break My Heart,39,When you walked out the door,1990
Un-Break My Heart,40,And walked out of my life,1990
Un-Break My Heart,41,Un-cry these tears,1990
Un-Break My Heart,42,"I cried so many, many nights",1990
Un-Break My Heart,43,Oh un-break my,1990
Un-Break My Heart,44,Un-break my heart oh baby,1990
Un-Break My Heart,45,Come back and say you love me,1990
Un-Break My Heart,46,"Un-break my heart, sweet darlin'",1990
Un-Break My Heart,47,Without you I just can't go on,1990
Un-Break My Heart,48,"Say that you love me, say that you love me",1990
Un-Break My Heart,49,"Tell me you love me, un-break my heart",1990
Un-Break My Heart,50,"Say that you love me, say that you love me",1990
Un-Break My Heart,51,"Tell me you love me, un-break my heart",1990
Un-Break My Heart,52,"Say that you love me, say that you love me",1990
Un-Break My Heart,53,"Tell me you love me, un-break my heart",1990
Un-Break My Heart,54,"Say that you love me, say that you love me",1990
Un-Break My Heart,55,"Tell me you love me, un-break my heart",1990
Foolish Games,1,You took your coat off and stood in the rain,1990
Foolish Games,2,You're always crazy like that,1990
Foolish Games,3,And I watched from my window,1990
Foolish Games,4,Always felt I was outside looking in on you,1990
Foolish Games,5,You're always the mysterious one with,1990
Foolish Games,6,Dark eyes and careless hair,1990
Foolish Games,7,"You were fashionably sensitive, but too cool to care",1990
Foolish Games,8,You stood in my doorway with nothing to say,1990
Foolish Games,9,Besides some comment on the weather,1990
Foolish Games,10,Well in case you failed to notice,1990
Foolish Games,11,In case you failed to see,1990
Foolish Games,12,This is my heart bleeding before you,1990
Foolish Games,13,This is me down on my knees,1990
Foolish Games,14,These foolish games are tearing me apart,1990
Foolish Games,15,And your thoughtless words are breaking my heart,1990
Foolish Games,16,You're breaking my heart,1990
Foolish Games,17,You're always brilliant in the morning,1990
Foolish Games,18,Smoking your cigarettes and talking over coffee,1990
Foolish Games,19,Your philosophies on art,1990
Foolish Games,20,Baroque moved you,1990
Foolish Games,21,You loved Mozart and you'd speak of your loved ones,1990
Foolish Games,22,As I clumsily strummed my guitar,1990
Foolish Games,23,You'd teach me of honest things,1990
Foolish Games,24,"Things that were daring, things that were clean",1990
Foolish Games,25,Things that knew what an honest dollar did mean,1990
Foolish Games,26,I hid my soiled hands behind my back,1990
Foolish Games,27,"Somewhere along the line, I must've got",1990
Foolish Games,28,Off track with you,1990
Foolish Games,29,Excuse me,1990
Foolish Games,30,Think I've mistaken you for somebody else,1990
Foolish Games,31,Somebody who gave a damn,1990
Foolish Games,32,Somebody more like myself,1990
Foolish Games,33,"These foolish games are tearing me, you're tearing me",1990
Foolish Games,34,You're tearing me apart,1990
Foolish Games,35,And your thoughtless words are breaking my heart,1990
Foolish Games,36,You're breaking my heart,1990
Foolish Games,37,You took your coat off,1990
Foolish Games,38,Stood in the rain,1990
Foolish Games,39,You're always crazy like that,1990
(Everything I Do) I Do It for You,1,Look into my eyes - you will see,1990
(Everything I Do) I Do It for You,2,What you mean to me,1990
(Everything I Do) I Do It for You,3,"Search your heart, search your soul",1990
(Everything I Do) I Do It for You,4,"And when you find me there, you'll search no more",1990
(Everything I Do) I Do It for You,5,Don't tell me it's not worth tryin' for,1990
(Everything I Do) I Do It for You,6,You can't tell me it's not worth dyin' for,1990
(Everything I Do) I Do It for You,7,You know it's true,1990
(Everything I Do) I Do It for You,8,Everything I do - I do it for you,1990
(Everything I Do) I Do It for You,9,Look into your heart - you will find,1990
(Everything I Do) I Do It for You,10,There's nothin' there to hide,1990
(Everything I Do) I Do It for You,11,"Take me as I am, take my life",1990
(Everything I Do) I Do It for You,12,"I would give it all, I would sacrifice",1990
(Everything I Do) I Do It for You,13,Don't tell me it's not worth fightin' for,1990
(Everything I Do) I Do It for You,14,"I can't help it, there's nothin' I want more",1990
(Everything I Do) I Do It for You,15,You know it's true,1990
(Everything I Do) I Do It for You,16,Everything I do - I do it for you,1990
(Everything I Do) I Do It for You,17,There's no love like your love,1990
(Everything I Do) I Do It for You,18,And no other could give more love,1990
(Everything I Do) I Do It for You,19,There's nowhere unless you're there,1990
(Everything I Do) I Do It for You,20,"All the time, all the way, yeah",1990
(Everything I Do) I Do It for You,21,"Look into your heart, babe",1990
(Everything I Do) I Do It for You,22,Yeah,1990
(Everything I Do) I Do It for You,23,Oh Yeah,1990
(Everything I Do) I Do It for You,24,"Oh, you can't tell me it's not worth tryin' for",1990
(Everything I Do) I Do It for You,25,I can't help it there's nothin' I want more,1990
(Everything I Do) I Do It for You,26,"Yeah, I would fight for you",1990
(Everything I Do) I Do It for You,27,I'd lie for you,1990
(Everything I Do) I Do It for You,28,Walk the wire for you,1990
(Everything I Do) I Do It for You,29,"Yeah, I'd die for you",1990
(Everything I Do) I Do It for You,30,You know it's true,1990
(Everything I Do) I Do It for You,31,Everything I do,1990
(Everything I Do) I Do It for You,32,"Oh, I do it for you",1990
(Everything I Do) I Do It for You,33,"Everything I do, darling",1990
(Everything I Do) I Do It for You,34,And we'll see it through,1990
(Everything I Do) I Do It for You,35,We will see it through,1990
(Everything I Do) I Do It for You,36,Oh yeah,1990
(Everything I Do) I Do It for You,37,Yeah!,1990
(Everything I Do) I Do It for You,38,"Search your heart, search your soul",1990
(Everything I Do) I Do It for You,39,You can't tell me it ain't worth dying for,1990
(Everything I Do) I Do It for You,40,Oh yeah,1990
(Everything I Do) I Do It for You,41,"I'll be there, yeah, oh",1990
(Everything I Do) I Do It for You,42,"I'll walk the wire for you, yeah",1990
(Everything I Do) I Do It for You,43,I will die for you,1990
(Everything I Do) I Do It for You,44,Oh yeah,1990
(Everything I Do) I Do It for You,45,All the time,1990
(Everything I Do) I Do It for You,46,"I'm going all the way, all they way, yeah",1990
(Everything I Do) I Do It for You,47,Take me by the hand,1990
(Everything I Do) I Do It for You,48,Ow!,1990
No One,1,I just want you close,2000
No One,2,Where you can stay forever,2000
No One,3,You can be sure,2000
No One,4,That it will only get better,2000
No One,5,You and me together,2000
No One,6,Through the days and nights,2000
No One,7,I don't worry 'cause,2000
No One,8,Everything's going to be alright,2000
No One,9,"People keep talking, they can say what they like",2000
No One,10,But all I know is everything's gonna be alright,2000
No One,11,"No one, no one, no one",2000
No One,12,Can get in the way of what I'm feelin',2000
No One,13,"No one, no one, no one",2000
No One,14,"Can get in the way of what I feel for you, you, you",2000
No One,15,Can get in the way of what I feel for you,2000
No One,16,When the rain is pouring down,2000
No One,17,And my heart is hurting,2000
No One,18,You will always be around,2000
No One,19,This I know for certain,2000
No One,20,You and me together,2000
No One,21,Through the days and nights,2000
No One,22,I don't worry 'cause,2000
No One,23,Everything's going to be alright,2000
No One,24,"People keep talking, they can say what they like",2000
No One,25,But all I know is everything's gonna be alright,2000
No One,26,"No one, no one, no one",2000
No One,27,Can get in the way of what I'm feelin',2000
No One,28,"No one, no one, no one",2000
No One,29,"Can get in the way of what I feel for you, you, you",2000
No One,30,Can get in the way of what I feel,2000
No One,31,I know some people search the world,2000
No One,32,To find something like what we have,2000
No One,33,"I know people will try, try to divide, something so real",2000
No One,34,"So till the end of time, I'm telling you there ain't no one",2000
No One,35,"No one, no one",2000
No One,36,Can get in the way of what I'm feelin',2000
No One,37,"No one, no one, no one",2000
No One,38,Can get in the way of what I feel for you,2000
No One,39,"Oh, oh oh oh, oh oh oh, oh oh oh oh oh oh oh oh oh oh",2000
No One,40,"Oh, oh oh oh, oh oh oh, oh oh oh oh oh oh oh oh oh oh",2000
Yeah!,1,NA,2000
Yeah!,2,"Peace up, A-Town down",2000
Yeah!,3,Yeah! Okay,2000
Yeah!,4,Lil Jon,2000
Yeah!,5,"Yeah, yeah, yeah, yeah, yeah, yeah!",2000
Yeah!,6,"Yeah, yeah, yeah, yeah, yeah, yeah!Let's go!",2000
Yeah!,7,"I was up in the club with my homies, trying to get a lil V-I",2000
Yeah!,8,Keep it down on the low key,2000
Yeah!,9,You should know how it feels (Hey!),2000
Yeah!,10,"I seen shorty, she was checking up on me",2000
Yeah!,11,From the game she was spitting in my ear,2000
Yeah!,12,You would think that she know me,2000
Yeah!,13,I decided to chill (Okay!),2000
Yeah!,14,Conversation got heavy,2000
Yeah!,15,She had me feeling like she's ready to blow (Watch out!),2000
Yeah!,16,Ohh! (Watch out),2000
Yeah!,17,"She's saying, come get me",2000
Yeah!,18,So I got up and followed her to the floor,2000
Yeah!,19,"She said, baby let's go",2000
Yeah!,20,When I told her (Let's go!) I said,2000
Yeah!,21,(Yeah!) Yeah!,2000
Yeah!,22,"Shorty got down low said, come and get me",2000
Yeah!,23,(Yeah!) Yeah!,2000
Yeah!,24,"I got so caught up, I forgot she told me",2000
Yeah!,25,(Yeah!) Yeah!,2000
Yeah!,26,"Her and my girl, they used to be the best of homies",2000
Yeah!,27,(Yeah!) Yeah!,2000
Yeah!,28,"Next thing I knew, she was all up on me screaming",2000
Yeah!,29,"Yeah (Yeah!) yeah (Yeah!) yeah, yeah!",2000
Yeah!,30,"Yeah (Yeah!) yeah (Yeah!) yeah, yeah!",2000
Yeah!,31,"She's all up in my head now, got me thinking",2000
Yeah!,32,That it might be a good idea to take her with me,2000
Yeah!,33,"'Cause she's ready to leave, ready to leave now (Let's go!)",2000
Yeah!,34,And I got to keep it real now,2000
Yeah!,35,"'Cause on a one to ten, she's a certified twenty",2000
Yeah!,36,But that just ain't me (Hey!),2000
Yeah!,37,"'Cause I don't know, if I take that chance",2000
Yeah!,38,Just where's it gonna lead,2000
Yeah!,39,But what I do know is the way she dance,2000
Yeah!,40,Make shorty alright with me,2000
Yeah!,41,The way she get low,2000
Yeah!,42,"I'm like, yeah, just work that out for me",2000
Yeah!,43,"She asks for one more dance, and I'm like, yeah",2000
Yeah!,44,How the hell am I supposed to leave,2000
Yeah!,45,"(Let's go, bring the beat back!) And I say",2000
Yeah!,46,(Yeah!) Yeah!,2000
Yeah!,47,"Shorty got down low said, come and get me",2000
Yeah!,48,(Yeah!) Yeah!,2000
Yeah!,49,"I got so caught up, I forgot she told me",2000
Yeah!,50,(Yeah!) Yeah!,2000
Yeah!,51,"Her and my girl, they used to be the best of homies",2000
Yeah!,52,(Yeah!) Yeah!,2000
Yeah!,53,"Next thing I knew, she was all up on me screaming",2000
Yeah!,54,"Yeah (Yeah!) yeah (Yeah!) yeah, yeah!",2000
Yeah!,55,"Yeah (Yeah!) yeah (Yeah!) yeah, yeah!",2000
Yeah!,56,(Hey! Hey! Luda!),2000
Yeah!,57,"Watch out, my outfit's ridiculous",2000
Yeah!,58,In the club looking so conspicuous,2000
Yeah!,59,"And roar, these women all on the prowl",2000
Yeah!,60,"If you hold the head steady, I'ma milk the cow (Yeah!)",2000
Yeah!,61,"And forget about game, I'ma spit the truth (What?)",2000
Yeah!,62,I won't stop 'til I get 'em in their birthday suit (Yeah!),2000
Yeah!,63,So gimme the rhythm and it'll be off with their clothes,2000
Yeah!,64,Then bend over to the front and touch your toes,2000
Yeah!,65,I left the Jag and I took the Rolls,2000
Yeah!,66,"If they ain't cutting, then I put em on foot patrol (Let's go!)",2000
Yeah!,67,How you like me now?,2000
Yeah!,68,When my pinky's valued over three hundred thousand,2000
Yeah!,69,"Let's drink, you the one to please (Yeah!)",2000
Yeah!,70,Ludacris fill cups like double D's (Yeah!),2000
Yeah!,71,"Me and Ursh' once more, and we leaves 'em dead",2000
Yeah!,72,We want a lady in the street but a freak in the bed that say,2000
Yeah!,73,(Yeah!) Yeah!,2000
Yeah!,74,"Shorty got down low said, come and get me",2000
Yeah!,75,(Yeah!) Yeah!,2000
Yeah!,76,"I got so caught up, I forgot she told me",2000
Yeah!,77,(Yeah!) Yeah!,2000
Yeah!,78,"Her and my girl, they used to be the best of homies",2000
Yeah!,79,(Yeah!) Yeah!,2000
Yeah!,80,"Next thing I knew, she was all up on me screaming",2000
Yeah!,81,"Yeah (Yeah!) yeah (Yeah!) yeah, yeah!",2000
Yeah!,82,"Yeah (Yeah!) yeah (Yeah!) yeah, yeah!",2000
Yeah!,83,Take that and rewind it back,2000
Yeah!,84,Lil Jon got the beat that make your booty go (Clap),2000
Yeah!,85,"Take that, rewind it back",2000
Yeah!,86,Ursher got the voice make your booty go (Clap),2000
Yeah!,87,"Take that, rewind it back",2000
Yeah!,88,Ludacris got the flow to make your booty go (Clap),2000
Yeah!,89,"Take that, rewind it back",2000
Yeah!,90,Lil Jon got the beat that make your booty go (Clap),2000
Yeah!,91,Let me see you do the A-town stomp!,2000
Yeah!,92,Do the A-town stomp!,2000
Yeah!,93,"Now do the muscle, do the muscle!",2000
Yeah!,94,"Do the muscle, do the muscle!",2000
Yeah!,95,"A thunder clap, hey! A thunder clap, hey!",2000
Yeah!,96,"A thunder clap, hey! A thunder clap, hey!",2000
Yeah!,97,"Rock a way, rock a way, rock a way, rock a way and cut!",2000
Low,1,Hmm-mmm-mmm-mmm-mmm-mmm,2000
Low,2,"Let me talk to 'em, let me talk to 'em let it rain",2000
Low,3,Hmm-mmm-mmm-mmm-mmm-mmm,2000
Low,4,Let me talk to 'em come on,2000
Low,5,"Shawty had them Apple Bottom jeans, boots with the fur (with the fur)",2000
Low,6,The whole club was lookin' at her,2000
Low,7,"She hit the flo' (She hit the flo'), next thing you know",2000
Low,8,Shawty got low-low-low-low-low-low-low-low,2000
Low,9,Them baggy sweat pants,2000
Low,10,And the Reeboks with the straps (with the straps),2000
Low,11,She turned around and gave that big booty a smack (Ayy!),2000
Low,12,"She hit the flo' (She hit the flo'), next thing you know",2000
Low,13,Shawty got low-low-low-low-low-low-low-low,2000
Low,14,I ain't never seen nothin' that'll make me go,2000
Low,15,This crazy all night spendin' my dough,2000
Low,16,Had a million dollar vibe and a bottle to go,2000
Low,17,Them birthday cakes they stole the show,2000
Low,18,"So sexual, she was flexible",2000
Low,19,"Professional, drinkin' X and O",2000
Low,20,"Hold up, wait a minute, do I see what I think I, whoa",2000
Low,21,Did I think I see shawty get low?,2000
Low,22,Ain't the same when it's up that close,2000
Low,23,"Make it rain, I'm makin' it snow",2000
Low,24,"Work the pole, I got the bank roll",2000
Low,25,I'ma say that I prefer them no clothes,2000
Low,26,"I'm into that, I love women exposed",2000
Low,27,"She threw it back at me, I gave her mo'",2000
Low,28,"Cash ain't no problem, I know where it goes",2000
Low,29,She had them,2000
Low,30,"Apple Bottom jeans, boots with the fur (with the fur)",2000
Low,31,The whole club was lookin' at her,2000
Low,32,"She hit the flo' (She hit the flo'), next thing you know",2000
Low,33,Shawty got low-low-low-low-low-low-low-low,2000
Low,34,Them baggy sweat pants,2000
Low,35,And the Reeboks with the straps (with the straps),2000
Low,36,She turned around and gave that big booty a smack (Ayy!),2000
Low,37,"She hit the flo' (She hit the flo'), next thing you know",2000
Low,38,Shawty got low-low-low-low-low-low-low-low,2000
Low,39,"Hey, shawty, what I gotta do to get you home?",2000
Low,40,My jeans full of guap and they ready for shones,2000
Low,41,"Cadillacs, Maybachs for the sexy groan",2000
Low,42,Patron on the rocks that'll make you moan,2000
Low,43,"One stack c'mon, two stacks c'mon",2000
Low,44,"Three stacks c'mon, now that's three grand",2000
Low,45,"What, you think I'm playin', baby girl?",2000
Low,46,"I'm the man, I'll bend the rubber bands",2000
Low,47,"That's what I told her, her legs on my shoulder",2000
Low,48,"I knew it was over, that Henny and Cola",2000
Low,49,"Got me like a soldier, she ready for Rover",2000
Low,50,I couldn't control her,2000
Low,51,"So lucky oh me, I was just like a clover",2000
Low,52,Shawty was hot like a toaster,2000
Low,53,Sorry but I had to fold her,2000
Low,54,"Like a pornography poster, she showed her",2000
Low,55,"Apple Bottom jeans, boots with the fur (with the fur)",2000
Low,56,The whole club was lookin' at her,2000
Low,57,"She hit the flo' (She hit the flo'), next thing you know",2000
Low,58,Shawty got low-low-low-low-low-low-low-low,2000
Low,59,Them baggy sweat pants,2000
Low,60,And the Reeboks with the straps (with the straps),2000
Low,61,She turned around and gave that big booty a smack (Ayy!),2000
Low,62,"She hit the flo' (She hit the flo'), next thing you know",2000
Low,63,Shawty got low-low-low-low-low-low-low-low,2000
Low,64,"Whoa, shawty",2000
Low,65,Yeah she was worth the money,2000
Low,66,Lil' mama took my cash,2000
Low,67,And I ain't want it back,2000
Low,68,The way she bent that back,2000
Low,69,Got her them paper stacks,2000
Low,70,Tattoo above her crack,2000
Low,71,I had to handle that,2000
Low,72,"I was on it, sexy woman",2000
Low,73,Let me showin' and made me want it,2000
Low,74,"Two in the mornin', I'm zonin'",2000
Low,75,And them Rosay bottles foamin',2000
Low,76,"She wouldn't stop, made it drop",2000
Low,77,Shawty did that pop and lock,2000
Low,78,Had to break her off that guap,2000
Low,79,Gal was fly just like my Glock,2000
Low,80,"Apple Bottom jeans, boots with the fur (with the fur)",2000
Low,81,The whole club was lookin' at her,2000
Low,82,"She hit the flo' (She hit the flo'), next thing you know",2000
Low,83,Shawty got low-low-low-low-low-low-low-low,2000
Low,84,Them baggy sweat pants,2000
Low,85,And the Reeboks with the straps (with the straps),2000
Low,86,She turned around and gave that big booty a smack (Ayy!),2000
Low,87,"She hit the flo' (She hit the flo'), next thing you know",2000
Low,88,Shawty got low-low-low-low-low-low-low-low,2000
I Gotta Feeling,1,I got a feelin',2000
I Gotta Feeling,2,That tonight's gonna be a good night,2000
I Gotta Feeling,3,That tonight's gonna be a good night,2000
I Gotta Feeling,4,"That tonight's gonna be a good, good night",2000
I Gotta Feeling,5,Feelin',2000
I Gotta Feeling,6,That tonight's gonna be a good night,2000
I Gotta Feeling,7,That tonight's gonna be a good night,2000
I Gotta Feeling,8,"That tonight's gonna be a good, good night",2000
I Gotta Feeling,9,A feelin' (Wooh-ooh),2000
I Gotta Feeling,10,That tonight's gonna be a good night,2000
I Gotta Feeling,11,That tonight's gonna be a good night,2000
I Gotta Feeling,12,"That tonight's gonna be a good, good night",2000
I Gotta Feeling,13,A feelin' (Wooh-ooh),2000
I Gotta Feeling,14,That tonight's gonna be a good night,2000
I Gotta Feeling,15,That tonight's gonna be a good night,2000
I Gotta Feeling,16,"That tonight's gonna be a good, good night (Fee-)",2000
I Gotta Feeling,17,"Tonight's the night, let's live it up",2000
I Gotta Feeling,18,"I got my money, let's spend it up (Fee-)",2000
I Gotta Feeling,19,"Go out and smash it like, ""Oh, my God!""",2000
I Gotta Feeling,20,"Jump out that sofa, let's kick it off (Fee-)",2000
I Gotta Feeling,21,I know that we'll have a ball,2000
I Gotta Feeling,22,"If we get down, and go out, and just lose it all",2000
I Gotta Feeling,23,"I feel stressed out, I wanna let it go",2000
I Gotta Feeling,24,"Let's go way out, spaced out, and losin' all control",2000
I Gotta Feeling,25,"Fill up my cup, mazel tov",2000
I Gotta Feeling,26,"Look at her dancing, just take it off (Fee-)",2000
I Gotta Feeling,27,"Let's paint the town, we'll shut it down",2000
I Gotta Feeling,28,Let's burn the roof and then we'll do it again (Fee-),2000
I Gotta Feeling,29,"Let's do it, let's do it, let's do it, let's do it",2000
I Gotta Feeling,30,"And do it, and do it, let's live it up",2000
I Gotta Feeling,31,"And do it, and do it, and do it, do it, do it",2000
I Gotta Feeling,32,"Let's do it, let's do it, let's do it",2000
I Gotta Feeling,33,'Cause I got a feelin' (Wooh-ooh),2000
I Gotta Feeling,34,That tonight's gonna be a good night,2000
I Gotta Feeling,35,That tonight's gonna be a good night,2000
I Gotta Feeling,36,"That tonight's gonna be a good, good night",2000
I Gotta Feeling,37,A feelin' (Wooh-ooh),2000
I Gotta Feeling,38,That tonight's gonna be a good night,2000
I Gotta Feeling,39,That tonight's gonna be a good night,2000
I Gotta Feeling,40,"That tonight's gonna be a good, good night (Fee-)",2000
I Gotta Feeling,41,"Tonight's that night (Hey), let's live it up (Let's live it up)",2000
I Gotta Feeling,42,"I got my money (My pay), let's spend it up (Let's spend it up)",2000
I Gotta Feeling,43,"Go out and smash it (Smash it) like, ""Oh, my God!"" (Like, ""Oh, my God!"")",2000
I Gotta Feeling,44,"Jump out that sofa (Come on), let's kick it off",2000
I Gotta Feeling,45,"Fill up my cup (Drank), mazel tov (l'chaim)",2000
I Gotta Feeling,46,"Look at her dancing (Move it, move it), just take it off",2000
I Gotta Feeling,47,"Let's paint the town (Paint the town), we'll shut it down (Shut it down)",2000
I Gotta Feeling,48,Let's burn the roof and then we'll do it again,2000
I Gotta Feeling,49,"Let's do it, let's do it, let's do it, let's do it",2000
I Gotta Feeling,50,"And do it, and do it, let's live it up",2000
I Gotta Feeling,51,"And do it, and do it, and do it, do it, do it",2000
I Gotta Feeling,52,"Let's do it, let's do it, let's do it, do it, do it, do it",2000
I Gotta Feeling,53,"Here we come, here we go, we gotta rock...",2000
I Gotta Feeling,54,"Easy come, easy go, now we on top...",2000
I Gotta Feeling,55,"Fill the shot, body rock, rock it don't stop...",2000
I Gotta Feeling,56,"Round and round, up and down, around the clock...Monday, Tuesday, Wednesday and Thursday (Do it)",2000
I Gotta Feeling,57,"Friday, Saturday, Saturday to Sunday (Do it)",2000
I Gotta Feeling,58,"Weekend get get get with us, you know what we say",2000
I Gotta Feeling,59,"Party every day, p-p-p-party every day",2000
I Gotta Feeling,60,And I'm feelin' (Wooh-ooh),2000
I Gotta Feeling,61,That tonight's gonna be a good night,2000
I Gotta Feeling,62,That tonight's gonna be a good night,2000
I Gotta Feeling,63,"That tonight's gonna be a good, good night",2000
I Gotta Feeling,64,A feelin' (Wooh-ooh),2000
I Gotta Feeling,65,That tonight's gonna be a good night,2000
I Gotta Feeling,66,That tonight's gonna be a good night,2000
I Gotta Feeling,67,"That tonight's gonna be a good, good night",2000
I Gotta Feeling,68,(Woo-hoo),2000
How You Remind Me,1,Never made it as a wise man,2000
How You Remind Me,2,I couldn't cut it as a poor man stealing,2000
How You Remind Me,3,Tired of living like a blind man,2000
How You Remind Me,4,I'm sick of sight without a sense of feeling,2000
How You Remind Me,5,And this is how you remind me,2000
How You Remind Me,6,This is how you remind me of what I really am,2000
How You Remind Me,7,This is how you remind me of what I really am,2000
How You Remind Me,8,It's not like you to say sorry,2000
How You Remind Me,9,I was waiting on a different story,2000
How You Remind Me,10,This time I'm mistaken,2000
How You Remind Me,11,For handing you a heart worth breaking,2000
How You Remind Me,12,"And I've been wrong, I've been down",2000
How You Remind Me,13,Been to the bottom of every bottle,2000
How You Remind Me,14,These five words in my head,2000
How You Remind Me,15,"Scream ""Are we having fun yet?""",2000
How You Remind Me,16,"Yeah, yeah, yeah, no, no",2000
How You Remind Me,17,"Yeah, yeah, yeah, no, no",2000
How You Remind Me,18,It's not like you didn't know that,2000
How You Remind Me,19,I said I love you and I swear I still do,2000
How You Remind Me,20,And it must have been so bad,2000
How You Remind Me,21,'Cause living with me must have damn near killed you,2000
How You Remind Me,22,And this is how you remind me of what I really am,2000
How You Remind Me,23,This is how you remind me of what I really am,2000
How You Remind Me,24,It's not like you to say sorry,2000
How You Remind Me,25,I was waiting on a different story,2000
How You Remind Me,26,This time I'm mistaken,2000
How You Remind Me,27,For handing you a heart worth breaking,2000
How You Remind Me,28,"And I've been wrong, I've been down",2000
How You Remind Me,29,Been to the bottom of every bottle,2000
How You Remind Me,30,These five words in my head,2000
How You Remind Me,31,"Scream ""Are we having fun yet?""",2000
How You Remind Me,32,"Yeah, yeah, yeah, no, no",2000
How You Remind Me,33,"Yeah, yeah, yeah, no, no",2000
How You Remind Me,34,"Yeah, yeah, yeah, no, no",2000
How You Remind Me,35,"Yeah, yeah, yeah, no, no",2000
How You Remind Me,36,Never made it as a wise man,2000
How You Remind Me,37,I couldn't cut it as a poor man stealing,2000
How You Remind Me,38,And this is how you remind me,2000
How You Remind Me,39,This is how you remind me,2000
How You Remind Me,40,This is how you remind me of what I really am,2000
How You Remind Me,41,This is how you remind me of what I really am,2000
How You Remind Me,42,It's not like you to say sorry,2000
How You Remind Me,43,I was waiting on a different story,2000
How You Remind Me,44,This time I'm mistaken,2000
How You Remind Me,45,For handing you a heart worth breaking,2000
How You Remind Me,46,"And I've been wrong, I've been down",2000
How You Remind Me,47,Been to the bottom of every bottle,2000
How You Remind Me,48,These five words in my head,2000
How You Remind Me,49,"Scream ""Are we having fun yet?""",2000
How You Remind Me,50,"Yeah, yeah, are we having fun yet?",2000
How You Remind Me,51,"Yeah, yeah, are we having fun yet?",2000
How You Remind Me,52,"Yeah, yeah, are we having fun yet?",2000
How You Remind Me,53,"(These five words in my head) Yeah, yeah",2000
How You Remind Me,54,"No, no",2000
Uptown Funk,1,"Doh, doh, doh, doh, doh, doh, doh, doh, doh",2010
Uptown Funk,2,"Doh, doh, doh, doh, doh, doh, doh, doh",2010
Uptown Funk,3,"Doh, doh, doh, doh, doh, doh, doh, doh",2010
Uptown Funk,4,"Doh, doh, doh, doh (Aww, ow)",2010
Uptown Funk,5,"This hit, that ice cold",2010
Uptown Funk,6,"Michelle Pfeiffer, that white gold",2010
Uptown Funk,7,"This one, for them hood girls",2010
Uptown Funk,8,"Them good girls, straight masterpieces",2010
Uptown Funk,9,"Stylin', wilin', livin' it up in the city",2010
Uptown Funk,10,Got Chucks on with Saint Laurent,2010
Uptown Funk,11,"Gotta kiss myself, I'm so pretty (mwah!)",2010
Uptown Funk,12,I'm too hot (Hot damn),2010
Uptown Funk,13,Call the police and the fireman,2010
Uptown Funk,14,I'm too hot (Hot damn),2010
Uptown Funk,15,Make a dragon wanna retire man,2010
Uptown Funk,16,I'm too hot  (Hot damn),2010
Uptown Funk,17,Say my name you know who I am,2010
Uptown Funk,18,I'm too hot (Hot damn),2010
Uptown Funk,19,"And my band 'bout that money, break it down",2010
Uptown Funk,20,Girls hit your hallelujah (Woo!),2010
Uptown Funk,21,Girls hit your hallelujah (Woo!),2010
Uptown Funk,22,Girls hit your hallelujah (Woo!),2010
Uptown Funk,23,'Cause Uptown Funk gon' give it to you,2010
Uptown Funk,24,'Cause Uptown Funk gon' give it to you,2010
Uptown Funk,25,'Cause Uptown Funk gon' give it to you,2010
Uptown Funk,26,Saturday night and we in the spot,2010
Uptown Funk,27,"Don't believe me, just watch (Come on)",2010
Uptown Funk,28,"Doh, doh, doh, doh, doh, doh, doh, doh",2010
Uptown Funk,29,"Doh, doh, doh, doh, doh, doh, doh, doh (Ah!)",2010
Uptown Funk,30,"Don't believe me, just watch (Doh, doh, doh, doh, doh, doh, doh, doh!)",2010
Uptown Funk,31,"Doh, doh, doh, doh, doh, doh, doh, doh",2010
Uptown Funk,32,"Doh, doh, doh, doh, doh, doh, doh, doh",2010
Uptown Funk,33,"Doh, doh, doh, doh, doh, doh, doh, doh (Ah!)",2010
Uptown Funk,34,"Don't believe me, just watch",2010
Uptown Funk,35,"Don't believe me, just watch",2010
Uptown Funk,36,"Don't believe me, just watch",2010
Uptown Funk,37,"Don't believe me, just watch",2010
Uptown Funk,38,"Hey, hey, hey, oh!",2010
Uptown Funk,39,"Stop, wait a minute!Fill my cup, put some liquor in it",2010
Uptown Funk,40,"Take a sip, sign the check",2010
Uptown Funk,41,"Julio! Get the stretch!Ride to Harlem, Hollywood, Jackson, Mississippi",2010
Uptown Funk,42,"If we show up, we gon' show out",2010
Uptown Funk,43,Smoother than a fresh jar of Skippy,2010
Uptown Funk,44,I'm too hot (Hot damn),2010
Uptown Funk,45,Call the police and the fireman,2010
Uptown Funk,46,I'm too hot (Hot damn),2010
Uptown Funk,47,"Make a dragon wanna retire, man",2010
Uptown Funk,48,I'm too hot (Hot damn),2010
Uptown Funk,49,"Bitch, say my name you know who I am",2010
Uptown Funk,50,I'm too hot (Hot damn),2010
Uptown Funk,51,"And my band 'bout that money, break it down",2010
Uptown Funk,52,Girls hit your hallelujah (Woo!),2010
Uptown Funk,53,Girls hit your hallelujah (Woo!),2010
Uptown Funk,54,Girls hit your hallelujah (Woo!),2010
Uptown Funk,55,'Cause Uptown Funk gon' give it to you,2010
Uptown Funk,56,'Cause Uptown Funk gon' give it to you,2010
Uptown Funk,57,'Cause Uptown Funk gon' give it to you,2010
Uptown Funk,58,Saturday night and we in the spot,2010
Uptown Funk,59,"Don't believe me, just watch (Come on)",2010
Uptown Funk,60,"Doh, doh, doh, doh, doh, doh, doh, doh (Ah!)",2010
Uptown Funk,61,"Don't believe me, just watch",2010
Uptown Funk,62,"Doh, doh, doh, doh, doh, doh, doh, doh (Ah!)",2010
Uptown Funk,63,"Don't believe me, just watch",2010
Uptown Funk,64,"Don't believe me, just watch",2010
Uptown Funk,65,"Don't believe me, just watch",2010
Uptown Funk,66,"Don't believe me, just watch",2010
Uptown Funk,67,"Hey, hey, hey, oh!",2010
Uptown Funk,68,"Doh, doh, doh, doh, doh, doh, doh, doh",2010
Uptown Funk,69,"Before we leave (Doh, doh, doh, doh, doh, doh, doh, doh)",2010
Uptown Funk,70,"Lemme tell y'all a lil' something (Doh, doh, doh, doh, doh, doh, doh, doh)",2010
Uptown Funk,71,"Uptown Funk you up, Uptown Funk you up (Doh, doh, doh, doh, doh, doh, doh, doh)",2010
Uptown Funk,72,"Uptown Funk you up, Uptown Funk you up (Doh, doh, doh, doh, doh, doh, doh, doh)",2010
Uptown Funk,73,"I said Uptown Funk you up, Uptown Funk you up (Doh, doh, doh, doh, doh, doh, doh, doh)",2010
Uptown Funk,74,"Uptown Funk you up, Uptown Funk you up (Doh, doh, doh, doh, doh, doh, doh, doh)",2010
Uptown Funk,75,"Come on, dance",2010
Uptown Funk,76,"Jump on it (Doh, doh, doh, doh, doh, doh, doh, doh)",2010
Uptown Funk,77,"If you sexy then flaunt it (Doh, doh, doh, doh, doh, doh, doh, doh)",2010
Uptown Funk,78,"If you freaky then own it (Doh, doh, doh, doh, doh, doh, doh, doh)",2010
Uptown Funk,79,"Don't brag about it, come show me (Doh, doh, doh, doh, doh, doh, doh, doh)",2010
Uptown Funk,80,"Come on, dance (Doh, doh, doh, doh, doh, doh, doh, doh)",2010
Uptown Funk,81,"Jump on it (Doh, doh, doh, doh, doh, doh, doh, doh)",2010
Uptown Funk,82,"If you sexy then flaunt it (Doh, doh, doh, doh, doh, doh, doh, doh)",2010
Uptown Funk,83,Well it's Saturday night and we in the spot,2010
Uptown Funk,84,"Don't believe me, just watch (Come on, doh, doh, doh, doh, doh, doh, doh, doh)",2010
Uptown Funk,85,"Don't believe me, just watch (Doh, doh, doh, doh, doh, doh, doh, doh)",2010
Uptown Funk,86,"Don't believe me, just watch",2010
Uptown Funk,87,"Don't believe me, just watch",2010
Uptown Funk,88,"Don't believe me, just watch",2010
Uptown Funk,89,"Don't believe me, just watch",2010
Uptown Funk,90,"Hey, hey, hey, oh!",2010
Uptown Funk,91,"Uptown Funk you up, Uptown Funk you up (Say whaa?!)",2010
Uptown Funk,92,"Uptown Funk you up, Uptown Funk you up",2010
Uptown Funk,93,"Uptown Funk you up, Uptown Funk you up (Say whaa?!)",2010
Uptown Funk,94,"Uptown Funk you up, Uptown Funk you up",2010
Uptown Funk,95,"Uptown Funk you up, Uptown Funk you up (Say whaa?!)",2010
Uptown Funk,96,"Uptown Funk you up, Uptown Funk you up",2010
Uptown Funk,97,"Uptown Funk you up, Uptown Funk you up (Say whaa?!)",2010
Uptown Funk,98,Uptown Funk you up,2010
Party Rock Anthem,1,Party Rock,2010
Party Rock Anthem,2,Yeah,2010
Party Rock Anthem,3,Woo!,2010
Party Rock Anthem,4,Let's go!,2010
Party Rock Anthem,5,Party rock is in the house tonight,2010
Party Rock Anthem,6,Everybody just have a good time (Yeah),2010
Party Rock Anthem,7,And we gon' make you lose your mind (Woo!),2010
Party Rock Anthem,8,Everybody just have a good time (Clap!),2010
Party Rock Anthem,9,Party rock is in the house tonight (Oh!),2010
Party Rock Anthem,10,"Everybody just have a good time (I can feel it, baby!)",2010
Party Rock Anthem,11,And we gon' make you lose your mind (Yeah),2010
Party Rock Anthem,12,We just wanna see you...Shake that!,2010
Party Rock Anthem,13,NA,2010
Party Rock Anthem,14,In the club: Party rock,2010
Party Rock Anthem,15,Looking for your girl? She on my jock (Huh),2010
Party Rock Anthem,16,Non-stop when we in the spot,2010
Party Rock Anthem,17,Booty moving weight like she on the block (Woo!),2010
Party Rock Anthem,18,Where the drank? I gots to know,2010
Party Rock Anthem,19,"Tight jeans, tattoo, 'cause I'm rock and roll",2010
Party Rock Anthem,20,"Half-black, half-white: domino",2010
Party Rock Anthem,21,"Gainin' money, Oprah, dough",2010
Party Rock Anthem,22,Yo! I'm running through these hoes like Drano,2010
Party Rock Anthem,23,"I got that devilish flow rock and roll no halo, we party rock!",2010
Party Rock Anthem,24,"Yeah, that's the crew that I'm reppin'On the rise to the top, no Led in our Zeppelin (Hey!)",2010
Party Rock Anthem,25,Party rock is in the house tonight (Woo!),2010
Party Rock Anthem,26,Everybody just have a good time (Yeah),2010
Party Rock Anthem,27,And we gon' make you lose your mind,2010
Party Rock Anthem,28,Everybody just have a good time (Let's go!),2010
Party Rock Anthem,29,Party rock is in the house tonight,2010
Party Rock Anthem,30,"Everybody just have a good time (I can feel it, baby!)",2010
Party Rock Anthem,31,And we gon' make you lose your mind,2010
Party Rock Anthem,32,We just wanna see you...Shake that!Every day I'm shufflin' (Shake),2010
Party Rock Anthem,33,"Shufflin', shufflin' (Shake)",2010
Party Rock Anthem,34,Step up fast and be the first girl to make me throw this cash,2010
Party Rock Anthem,35,"We get money, don't be mad, now stop - hatin' is bad",2010
Party Rock Anthem,36,One more shot for us (Another round!),2010
Party Rock Anthem,37,Please fill up my cup (Don't mess around!),2010
Party Rock Anthem,38,We just wanna see (You shake it now!),2010
Party Rock Anthem,39,Now you wanna be (You're naked now!),2010
Party Rock Anthem,40,"Get up, get down, put your hands up to the sound",2010
Party Rock Anthem,41,"Get up, get down, put your hands up to the sound",2010
Party Rock Anthem,42,"Get up, get down, put your hands up to the sound (Woo!)",2010
Party Rock Anthem,43,Put your hands up to the sound,2010
Party Rock Anthem,44,Put your hands up to the sound (Let's go!),2010
Party Rock Anthem,45,"Get up, get up, get up",2010
Party Rock Anthem,46,"Get up, get up, get up",2010
Party Rock Anthem,47,"Get up, get up, get up",2010
Party Rock Anthem,48,Put your hands up to the sound,2010
Party Rock Anthem,49,To the sound,2010
Party Rock Anthem,50,Put your hands up (Woo!),2010
Party Rock Anthem,51,Put your hands up,2010
Party Rock Anthem,52,Put your hands up,2010
Party Rock Anthem,53,Put your hands up,2010
Party Rock Anthem,54,"Party rock is in the house tonight (Put your hands up, woo!)",2010
Party Rock Anthem,55,Everybody just have a good time (Put your hands up),2010
Party Rock Anthem,56,And we gon' make you lose your mind (Put your hands up),2010
Party Rock Anthem,57,"Everybody just have a good, good, good time",2010
Party Rock Anthem,58,Oh-oh-oh-oh-oh (Put your hands up),2010
Party Rock Anthem,59,"Oh-oh-oh-oh-oh (I can feel it, baby!)",2010
Party Rock Anthem,60,Oh-oh-oh-oh-oh (Put your hands up),2010
Party Rock Anthem,61,Oh-oh-oh-oh-oh (Put your hands up),2010
Party Rock Anthem,62,Shake that!Every day I'm shu-shufflin',2010
Party Rock Anthem,63,"Put yo', Put yo' (Hands up)",2010
Party Rock Anthem,64,"Put yo', Put yo' (Yeah)",2010
Party Rock Anthem,65,"Put yo', Put yo' (Woo!)",2010
Party Rock Anthem,66,(Hands up),2010
Party Rock Anthem,67,"Put yo', Put yo' (Hands up)",2010
Party Rock Anthem,68,Put your hands up,2010
Party Rock Anthem,69,Put your hands up,2010
Party Rock Anthem,70,Put your hands up,2010
Shape of You,1,The club isn't the best place to find a lover,2010
Shape of You,2,So the bar is where I go,2010
Shape of You,3,Me and my friends at the table doing shots,2010
Shape of You,4,Drinking fast and then we talk slow,2010
Shape of You,5,And you come over and start up a conversation with just me,2010
Shape of You,6,And trust me I'll give it a chance now,2010
Shape of You,7,"Take my hand, stop, put Van the Man on the jukebox",2010
Shape of You,8,"And then we start to dance, and now I'm singing like",2010
Shape of You,9,"Girl, you know I want your love",2010
Shape of You,10,Your love was handmade for somebody like me,2010
Shape of You,11,"Come on now, follow my lead",2010
Shape of You,12,"I may be crazy, don't mind me",2010
Shape of You,13,"Say, boy, let's not talk too much",2010
Shape of You,14,Grab on my waist and put that body on me,2010
Shape of You,15,"Come on now, follow my lead",2010
Shape of You,16,"Come, come on now, follow my lead",2010
Shape of You,17,I'm in love with the shape of you,2010
Shape of You,18,We push and pull like a magnet do,2010
Shape of You,19,Although my heart is falling too,2010
Shape of You,20,I'm in love with your body,2010
Shape of You,21,And last night you were in my room,2010
Shape of You,22,And now my bed sheets smell like you,2010
Shape of You,23,Every day discovering something brand new,2010
Shape of You,24,I'm in love with your body,2010
Shape of You,25,OhIohIohIohI,2010
Shape of You,26,I'm in love with your body,2010
Shape of You,27,OhIohIohIohI,2010
Shape of You,28,I'm in love with your body,2010
Shape of You,29,OhIohIohIohI,2010
Shape of You,30,I'm in love with your body,2010
Shape of You,31,Every day discovering something brand new,2010
Shape of You,32,I'm in love with the shape of you,2010
Shape of You,33,One week in we let the story begin,2010
Shape of You,34,We're going out on our first date,2010
Shape of You,35,"You and me are thrifty, so go all you can eat",2010
Shape of You,36,Fill up your bag and I fill up a plate,2010
Shape of You,37,We talk for hours and hours about the sweet and the sour,2010
Shape of You,38,And how your family is doing okay,2010
Shape of You,39,"Leave and get in a taxi, then kiss in the backseat",2010
Shape of You,40,"Tell the driver make the radio play, and I'm singing like",2010
Shape of You,41,"Girl, you know I want your love",2010
Shape of You,42,Your love was handmade for somebody like me,2010
Shape of You,43,"Come on now, follow my lead",2010
Shape of You,44,"I may be crazy, don't mind me",2010
Shape of You,45,"Say, boy, let's not talk too much",2010
Shape of You,46,Grab on my waist and put that body on me,2010
Shape of You,47,"Come on now, follow my lead",2010
Shape of You,48,"Come, come on now, follow my lead",2010
Shape of You,49,I'm in love with the shape of you,2010
Shape of You,50,We push and pull like a magnet do,2010
Shape of You,51,Although my heart is falling too,2010
Shape of You,52,I'm in love with your body,2010
Shape of You,53,And last night you were in my room,2010
Shape of You,54,And now my bed sheets smell like you,2010
Shape of You,55,Every day discovering something brand new,2010
Shape of You,56,I'm in love with your body,2010
Shape of You,57,OhIohIohIohI,2010
Shape of You,58,I'm in love with your body,2010
Shape of You,59,OhIohIohIohI,2010
Shape of You,60,I'm in love with your body,2010
Shape of You,61,OhIohIohIohI,2010
Shape of You,62,I'm in love with your body,2010
Shape of You,63,Every day discovering something brand new,2010
Shape of You,64,I'm in love with the shape of you,2010
Shape of You,65,"Come on, be my baby, come on",2010
Shape of You,66,"Come on, be my baby, come on",2010
Shape of You,67,"Come on, be my baby, come on",2010
Shape of You,68,"Come on, be my baby, come on",2010
Shape of You,69,"Come on, be my baby, come on",2010
Shape of You,70,"Come on, be my baby, come on",2010
Shape of You,71,"Come on, be my baby, come on",2010
Shape of You,72,"Come on, be my baby, come on",2010
Shape of You,73,I'm in love with the shape of you,2010
Shape of You,74,We push and pull like a magnet do,2010
Shape of You,75,Although my heart is falling too,2010
Shape of You,76,I'm in love with your body,2010
Shape of You,77,Last night you were in my room,2010
Shape of You,78,And now my bed sheets smell like you,2010
Shape of You,79,Every day discovering something brand new,2010
Shape of You,80,I'm in love with your body,2010
Shape of You,81,"Come on, be my baby, come on",2010
Shape of You,82,"Come on, be my baby, come on",2010
Shape of You,83,I'm in love with your body,2010
Shape of You,84,"Come on, be my baby, come on",2010
Shape of You,85,"Come on, be my baby, come on",2010
Shape of You,86,I'm in love with your body,2010
Shape of You,87,"Come on, be my baby, come on",2010
Shape of You,88,"Come on, be my baby, come on",2010
Shape of You,89,I'm in love with your body,2010
Shape of You,90,Every day discovering something brand new,2010
Shape of You,91,I'm in love with the shape of you,2010
Closer,1,"Hey, I was doing just fine before I met you",2010
Closer,2,I drink too much,2010
Closer,3,"And that's an issue, but I'm okay",2010
Closer,4,"Hey, you tell your friends",2010
Closer,5,It was nice to meet them,2010
Closer,6,But I hope I never see them again,2010
Closer,7,I know it breaks your heart,2010
Closer,8,Moved to the city in a broke-down car,2010
Closer,9,"And four years, no calls",2010
Closer,10,Now you're lookin' pretty in a hotel bar,2010
Closer,11,And I-I-I can't stop,2010
Closer,12,"No, I-I-I can't stop",2010
Closer,13,"So, baby, pull me closer",2010
Closer,14,In the backseat of your Rover,2010
Closer,15,That I know you can't afford,2010
Closer,16,Bite that tattoo on your shoulder,2010
Closer,17,Pull the sheets right off the corner,2010
Closer,18,Of the mattress that you stole,2010
Closer,19,From your roommate back in BoulderWe ain't ever getting older,2010
Closer,20,We ain't ever getting older,2010
Closer,21,We ain't ever getting older,2010
Closer,22,You look as good as the day I met you,2010
Closer,23,"I forget just why I left you, I was insane",2010
Closer,24,Stay and play that blink-182 song,2010
Closer,25,"That we beat to death in Tucson, okay",2010
Closer,26,I know it breaks your heart,2010
Closer,27,Moved to the city in a broke-down car,2010
Closer,28,"And four years, no call",2010
Closer,29,Now I'm lookin' pretty in a hotel bar,2010
Closer,30,And I-I-I can't stop,2010
Closer,31,"No, I-I-I can't stop",2010
Closer,32,"So, baby, pull me closer",2010
Closer,33,In the backseat of your Rover,2010
Closer,34,That I know you can't afford,2010
Closer,35,Bite that tattoo on your shoulder,2010
Closer,36,Pull the sheets right off the corner,2010
Closer,37,Of the mattress that you stole,2010
Closer,38,From your roommate back in BoulderWe ain't ever getting older,2010
Closer,39,We ain't ever getting older,2010
Closer,40,We ain't ever getting older,2010
Closer,41,"So, baby, pull me closer",2010
Closer,42,In the backseat of your Rover,2010
Closer,43,That I know you can't afford,2010
Closer,44,Bite that tattoo on your shoulder,2010
Closer,45,Pull the sheets right off the corner,2010
Closer,46,Of the mattress that you stole,2010
Closer,47,From your roommate back in BoulderWe ain't ever getting older,2010
Closer,48,We ain't ever getting older,2010
Closer,49,"(No, we ain't ever getting older)",2010
Closer,50,We ain't ever getting older,2010
Closer,51,"(No, we ain't ever getting older)",2010
Closer,52,We ain't ever getting older,2010
Closer,53,(We ain't ever getting older),2010
Closer,54,We ain't ever getting older,2010
Closer,55,"(No, we ain't ever getting older)",2010
Closer,56,(We ain't ever getting older),2010
Closer,57,"(No, we ain't ever getting older)",2010
Girls Like You,1,"Spent 24 hours, I need more hours with you",2010
Girls Like You,2,"You spent the weekend getting even, ooh",2010
Girls Like You,3,We spent the late nights making things right between us,2010
Girls Like You,4,"But now it's all good, babe",2010
Girls Like You,5,"Roll that Backwood, babe",2010
Girls Like You,6,And play me close,2010
Girls Like You,7,'Cause girls like you run 'round with guys like me,2010
Girls Like You,8,'Til sundown when I come through,2010
Girls Like You,9,"I need a girl like you, yeah yeah",2010
Girls Like You,10,"Girls like you love fun, and yeah, me too",2010
Girls Like You,11,What I want when I come through,2010
Girls Like You,12,"I need a girl like you, yeah yeah",2010
Girls Like You,13,"Yeah yeah yeah, yeah yeah yeah",2010
Girls Like You,14,"I need a girl like you, yeah yeah",2010
Girls Like You,15,"Yeah yeah yeah, yeah yeah yeah",2010
Girls Like You,16,I need a girl like you,2010
Girls Like You,17,I spent last night on the last flight to you,2010
Girls Like You,18,"Took a whole day up tryna get way up, ooh",2010
Girls Like You,19,We spent the daylight tryna make things right between us,2010
Girls Like You,20,"But now it's all good, babe",2010
Girls Like You,21,"Roll that Backwood, babe",2010
Girls Like You,22,And play me close,2010
Girls Like You,23,'Cause girls like you run 'round with guys like me,2010
Girls Like You,24,'Til sundown when I come through,2010
Girls Like You,25,"I need a girl like you, yeah yeah",2010
Girls Like You,26,"Girls like you love fun, and yeah, me too",2010
Girls Like You,27,What I want when I come through,2010
Girls Like You,28,"I need a girl like you, yeah yeah",2010
Girls Like You,29,"Yeah yeah yeah, yeah yeah yeah",2010
Girls Like You,30,"I need a girl like you, yeah yeah",2010
Girls Like You,31,"Yeah yeah yeah, yeah yeah yeah",2010
Girls Like You,32,"I need a girl like you, yeah yeah",2010
Girls Like You,33,"I need a girl like you, yeah yeah",2010
Girls Like You,34,I need a girl like you,2010
Girls Like You,35,Maybe it's 6:45,2010
Girls Like You,36,Maybe I'm barely alive,2010
Girls Like You,37,Maybe you've taken my shit for the last time (yeah),2010
Girls Like You,38,Maybe I know that I'm drunk,2010
Girls Like You,39,Maybe I know you're the one,2010
Girls Like You,40,Maybe you're thinking it's better if you drive,2010
Girls Like You,41,"Oh, 'cause girls like you run 'round with guys like me",2010
Girls Like You,42,'Til sundown when I come through,2010
Girls Like You,43,"I need a girl like you, yeah",2010
Girls Like You,44,'Cause girls like you run 'round with guys like me,2010
Girls Like You,45,'Til sundown when I come through,2010
Girls Like You,46,"I need a girl like you, yeah yeah",2010
Girls Like You,47,"Girls like you love fun, and yeah, me too",2010
Girls Like You,48,What I want when I come through,2010
Girls Like You,49,"I need a girl like you, yeah yeah",2010
Girls Like You,50,"Yeah yeah yeah, yeah yeah yeah",2010
Girls Like You,51,"I need a girl like you, yeah yeah",2010
Girls Like You,52,"Yeah yeah yeah, yeah yeah yeah",2010
Girls Like You,53,I need a girl like you,2010
