"","track_title","word","decade","n"
"1","Uptown Funk","doh",2010,221
"2","Yeah!","yeah",2000,79
"3","Low","low",2000,65
"4","Girls Like You","yeah",2010,63
"5","Uptown Funk","funk",2010,29
"6","Uptown Funk","uptown",2010,29
"7","How You Remind Me","yeah",2000,26
"8","I Gotta Feeling","night",2000,26
"9","I Gotta Feeling","tonight's",2000,26
"10","Shape of You","love",2010,25
"11","I Gotta Feeling","gonna",2000,24
"12","Party Rock Anthem","hands",2010,22
"13","Physical","physical",1980,20
"14","Too Close","real",1990,20
"15","Physical","talk",1980,18
"16","Uptown Funk","watch",2010,18
"17","Physical","body",1980,17
"18","Shape of You","body",2010,17
"19","Low","flo",2000,16
"20","Low","hit",2000,16
"21","Un-Break My Heart","love",1990,16
"22","Uptown Funk","hot",2010,16
"23","Every Breath You Take","watching",1980,15
"24","Girls Like You","girl",2010,15
"25","Low","shawty",2000,14
"26","Shape of You","baby",2010,14
"27","Un-Break My Heart","heart",1990,13
"28","(Everything I Do) I Do It for You","yeah",1990,12
"29","Endless Love","love",1980,12
"30","Physical","hear",1980,12
"31","Un-Break My Heart","break",1990,12
"32","Eye of the Tiger","eye",1980,10
"33","Eye of the Tiger","tiger",1980,10
"34","How Do I Live","live",1990,10
"35","Low","mmm",2000,10
"36","Party Rock Anthem","rock",2010,10
"37","Too Close","baby",1990,10
"38","Too Close","close",1990,10
"39","Too Close","dancin",1990,10
"40","Bette Davis Eyes","bette",1980,9
"41","Bette Davis Eyes","davis",1980,9
"42","Bette Davis Eyes","eyes",1980,9
"43","How You Remind Me","remind",2000,9
"44","Party Rock Anthem","yo",2010,9
"45","Uptown Funk","hey",2010,9
"46","Every Breath You Take","move",1980,8
"47","I Gotta Feeling","feelin",2000,8
"48","Low","fur",2000,8
"49","Low","straps",2000,8
"50","Party Rock Anthem","party",2010,8
"51","Party Rock Anthem","time",2010,8
"52","Party Rock Anthem","woo",2010,8
"53","Too Close","excited",1990,8
"54","Uptown Funk","damn",2010,8
"55","Uptown Funk","girls",2010,8
"56","Yeah!","clap",2000,8
"57","Yeah!","hey",2000,8
"58","Every Breath You Take","break",1980,7
"59","Girls Like You","girls",2010,7
"60","How Do I Live","baby",1990,7
"61","Party Rock Anthem","sound",2010,7
"62","Too Close","hard",1990,7
"63","Too Close","slow",1990,7
"64","Uptown Funk","gon",2010,7
"65","Uptown Funk","hit",2010,7
"66","Closer","pull",2010,6
"67","Every Breath You Take","night",1980,6
"68","Every Breath You Take","step",1980,6
"69","How You Remind Me","fun",2000,6
"70","I Gotta Feeling","fee",2000,6
"71","I Gotta Feeling","ooh",2000,6
"72","I Gotta Feeling","wooh",2000,6
"73","Party Rock Anthem","shake",2010,6
"74","Party Rock Anthem","yeah",2010,6
"75","Physical","wanna",1980,6
"76","Shape of You","brand",2010,6
"77","Shape of You","day",2010,6
"78","Shape of You","discovering",2010,6
"79","Shape of You","follow",2010,6
"80","Shape of You","lead",2010,6
"81","Shape of You","shape",2010,6
"82","Too Close","fight",1990,6
"83","Too Close","grindin",1990,6
"84","Too Close","makin",1990,6
"85","Too Close","ooh",1990,6
"86","Too Close","yeah",1990,6
"87","Un-Break My Heart","nights",1990,6
"88","Un-Break My Heart","walked",1990,6
"89","Uptown Funk","hallelujah",2010,6
"90","Uptown Funk","woo",2010,6
"91","(Everything I Do) I Do It for You","search",1990,5
"92","(Everything I Do) I Do It for You","worth",1990,5
"93","Every Breath You Take","day",1980,5
"94","Every Breath You Take","game",1980,5
"95","Every Breath You Take","play",1980,5
"96","Every Breath You Take","single",1980,5
"97","Every Breath You Take","stay",1980,5
"98","Every Breath You Take","word",1980,5
"99","Eye of the Tiger","rising",1980,5
"100","Foolish Games","heart",1990,5
"101","Girls Like You","spent",2010,5
"102","How Do I Live","life",1990,5
"103","I Gotta Feeling","live",2000,5
"104","Low","jeans",2000,5
"105","No One","feel",2000,5
"106","Party Rock Anthem","gon",2010,5
"107","Party Rock Anthem","house",2010,5
"108","Party Rock Anthem","lose",2010,5
"109","Party Rock Anthem","mind",2010,5
"110","Party Rock Anthem","tonight",2010,5
"111","Physical","animal",1980,5
"112","Un-Break My Heart","leave",1990,5
"113","Un-Break My Heart","life",1990,5
"114","Un-Break My Heart","tears",1990,5
"115","Yeah!","low",2000,5
"116","Yeah!","shorty",2000,5
"117","(Everything I Do) I Do It for You","heart",1990,4
"118","Closer","stop",2010,4
"119","Every Breath You Take","claim",1980,4
"120","Every Breath You Take","fake",1980,4
"121","Every Breath You Take","smile",1980,4
"122","Every Breath You Take","stake",1980,4
"123","Every Breath You Take","vow",1980,4
"124","Eye of the Tiger","fight",1980,4
"125","Foolish Games","breaking",1990,4
"126","Foolish Games","tearing",1990,4
"127","Girls Like You","babe",2010,4
"128","Girls Like You","guys",2010,4
"129","Girls Like You","round",2010,4
"130","Girls Like You","run",2010,4
"131","Girls Like You","sundown",2010,4
"132","Girls Like You","til",2010,4
"133","How You Remind Me","head",2000,4
"134","How You Remind Me","words",2000,4
"135","Low","apple",2000,4
"136","Low","ayy",2000,4
"137","Low","baggy",2000,4
"138","Low","boots",2000,4
"139","Low","booty",2000,4
"140","Low","bottom",2000,4
"141","Low","club",2000,4
"142","Low","lookin",2000,4
"143","Low","pants",2000,4
"144","Low","reeboks",2000,4
"145","Low","smack",2000,4
"146","Low","sweat",2000,4
"147","No One","alright",2000,4
"148","No One","everything's",2000,4
"149","No One","people",2000,4
"150","Party Rock Anthem","shufflin",2010,4
"151","Party Rock Anthem","wanna",2010,4
"152","Shape of You","talk",2010,4
"153","Too Close","girl",1990,4
"154","Un-Break My Heart","bring",1990,4
"155","Uptown Funk","ah",2010,4
"156","Uptown Funk","whaa",2010,4
"157","Yeah!","booty",2000,4
"158","Yeah!","homies",2000,4
"159","Yeah!","lil",2000,4
"160","Yeah!","muscle",2000,4
"161","Yeah!","rewind",2000,4
"162","Yeah!","rock",2000,4
"163","Yeah!","thunder",2000,4
"164","Yeah!","told",2000,4
"165","(Everything I Do) I Do It for You","love",1990,3
"166","(Everything I Do) I Do It for You","nothin",1990,3
"167","(Everything I Do) I Do It for You","true",1990,3
"168","Bette Davis Eyes","blush",1980,3
"169","Bette Davis Eyes","pro",1980,3
"170","Bette Davis Eyes","takes",1980,3
"171","Bette Davis Eyes","tease",1980,3
"172","Bette Davis Eyes","unease",1980,3
"173","Closer","afford",2010,3
"174","Closer","baby",2010,3
"175","Closer","backseat",2010,3
"176","Closer","bite",2010,3
"177","Closer","boulderwe",2010,3
"178","Closer","closer",2010,3
"179","Closer","corner",2010,3
"180","Closer","mattress",2010,3
"181","Closer","roommate",2010,3
"182","Closer","rover",2010,3
"183","Closer","sheets",2010,3
"184","Closer","shoulder",2010,3
"185","Closer","stole",2010,3
"186","Closer","tattoo",2010,3
"187","Endless Love","endless",1980,3
"188","Endless Love","eyes",1980,3
"189","Every Breath You Take","bond",1980,3
"190","Every Breath You Take","breath",1980,3
"191","Eye of the Tiger","challenge",1980,3
"192","Eye of the Tiger","night",1980,3
"193","Eye of the Tiger","prey",1980,3
"194","Eye of the Tiger","rival",1980,3
"195","Eye of the Tiger","stalks",1980,3
"196","Eye of the Tiger","survive",1980,3
"197","Eye of the Tiger","survivor",1980,3
"198","Eye of the Tiger","thrill",1980,3
"199","Eye of the Tiger","watching",1980,3
"200","Foolish Games","stood",1990,3
"201","Girls Like You","fun",2010,3
"202","Girls Like You","love",2010,3
"203","How Do I Live","breathe",1990,3
"204","How Do I Live","leave",1990,3
"205","How Do I Live","survive",1990,3
"206","How You Remind Me","bottle",2000,3
"207","How You Remind Me","bottom",2000,3
"208","How You Remind Me","breaking",2000,3
"209","How You Remind Me","handing",2000,3
"210","How You Remind Me","heart",2000,3
"211","How You Remind Me","mistaken",2000,3
"212","How You Remind Me","scream",2000,3
"213","How You Remind Me","story",2000,3
"214","How You Remind Me","time",2000,3
"215","How You Remind Me","waiting",2000,3
"216","How You Remind Me","worth",2000,3
"217","How You Remind Me","wrong",2000,3
"218","I Gotta Feeling","fill",2000,3
"219","I Gotta Feeling","god",2000,3
"220","I Gotta Feeling","paint",2000,3
"221","I Gotta Feeling","rock",2000,3
"222","I Gotta Feeling","shut",2000,3
"223","I Gotta Feeling","smash",2000,3
"224","I Gotta Feeling","spend",2000,3
"225","I Gotta Feeling","town",2000,3
"226","Low","em",2000,3
"227","Low","stacks",2000,3
"228","Low","talk",2000,3
"229","No One","feelin",2000,3
"230","Party Rock Anthem","baby",2010,3
"231","Party Rock Anthem","feel",2010,3
"232","Shape of You","bed",2010,3
"233","Shape of You","falling",2010,3
"234","Shape of You","heart",2010,3
"235","Shape of You","magnet",2010,3
"236","Shape of You","night",2010,3
"237","Shape of You","pull",2010,3
"238","Shape of You","push",2010,3
"239","Shape of You","sheets",2010,3
"240","Shape of You","smell",2010,3
"241","Too Close","boo",1990,3
"242","Too Close","feel",1990,3
"243","Too Close","shake",1990,3
"244","Un-Break My Heart","caused",1990,3
"245","Un-Break My Heart","cried",1990,3
"246","Un-Break My Heart","cry",1990,3
"247","Un-Break My Heart","door",1990,3
"248","Un-Break My Heart","hurt",1990,3
"249","Un-Break My Heart","pain",1990,3
"250","Un-Break My Heart","undo",1990,3
"251","Uptown Funk","night",2010,3
"252","Uptown Funk","saturday",2010,3
"253","Uptown Funk","spot",2010,3
"254","Yeah!","beat",2000,3
"255","Yeah!","caught",2000,3
"256","Yeah!","em",2000,3
"257","Yeah!","forgot",2000,3
"258","Yeah!","girl",2000,3
"259","Yeah!","jon",2000,3
"260","Yeah!","leave",2000,3
"261","Yeah!","ready",2000,3
"262","Yeah!","screaming",2000,3
"263","Yeah!","town",2000,3
"264","Yeah!","watch",2000,3
"265","(Everything I Do) I Do It for You","die",1990,2
"266","(Everything I Do) I Do It for You","soul",1990,2
"267","(Everything I Do) I Do It for You","time",1990,2
"268","(Everything I Do) I Do It for You","tryin",1990,2
"269","(Everything I Do) I Do It for You","walk",1990,2
"270","(Everything I Do) I Do It for You","wire",1990,2
"271","Bette Davis Eyes","boys",1980,2
"272","Bette Davis Eyes","expose",1980,2
"273","Bette Davis Eyes","precocious",1980,2
"274","Bette Davis Eyes","snows",1980,2
"275","Bette Davis Eyes","spy",1980,2
"276","Bette Davis Eyes","ya",1980,2
"277","Closer","bar",2010,2
"278","Closer","breaks",2010,2
"279","Closer","broke",2010,2
"280","Closer","car",2010,2
"281","Closer","city",2010,2
"282","Closer","heart",2010,2
"283","Closer","hey",2010,2
"284","Closer","hotel",2010,2
"285","Closer","lookin",2010,2
"286","Closer","met",2010,2
"287","Closer","moved",2010,2
"288","Closer","pretty",2010,2
"289","Endless Love","boom",1980,2
"290","Endless Love","hearts",1980,2
"291","Endless Love","mind",1980,2
"292","Every Breath You Take","aches",1980,2
"293","Every Breath You Take","baby",1980,2
"294","Every Breath You Take","belong",1980,2
"295","Every Breath You Take","heart",1980,2
"296","Every Breath You Take","poor",1980,2
"297","Eye of the Tiger","distance",1980,2
"298","Eye of the Tiger","glory",1980,2
"299","Eye of the Tiger","street",1980,2
"300","Foolish Games","coat",1990,2
"301","Foolish Games","crazy",1990,2
"302","Foolish Games","failed",1990,2
"303","Foolish Games","foolish",1990,2
"304","Foolish Games","games",1990,2
"305","Foolish Games","honest",1990,2
"306","Foolish Games","loved",1990,2
"307","Foolish Games","rain",1990,2
"308","Foolish Games","thoughtless",1990,2
"309","Foolish Games","words",1990,2
"310","Girls Like You","backwood",2010,2
"311","Girls Like You","close",2010,2
"312","Girls Like You","hours",2010,2
"313","Girls Like You","ooh",2010,2
"314","Girls Like You","play",2010,2
"315","Girls Like You","roll",2010,2
"316","Girls Like You","tryna",2010,2
"317","How Do I Live","lost",1990,2
"318","How Do I Live","there'd",1990,2
"319","How Do I Live","world",1990,2
"320","How You Remind Me","cut",2000,2
"321","How You Remind Me","living",2000,2
"322","How You Remind Me","poor",2000,2
"323","How You Remind Me","stealing",2000,2
"324","How You Remind Me","wise",2000,2
"325","I Gotta Feeling","burn",2000,2
"326","I Gotta Feeling","cup",2000,2
"327","I Gotta Feeling","dancing",2000,2
"328","I Gotta Feeling","day",2000,2
"329","I Gotta Feeling","easy",2000,2
"330","I Gotta Feeling","jump",2000,2
"331","I Gotta Feeling","kick",2000,2
"332","I Gotta Feeling","mazel",2000,2
"333","I Gotta Feeling","money",2000,2
"334","I Gotta Feeling","move",2000,2
"335","I Gotta Feeling","party",2000,2
"336","I Gotta Feeling","roof",2000,2
"337","I Gotta Feeling","round",2000,2
"338","I Gotta Feeling","saturday",2000,2
"339","I Gotta Feeling","sofa",2000,2
"340","I Gotta Feeling","tov",2000,2
"341","Low","cash",2000,2
"342","Low","guap",2000,2
"343","Low","hmm",2000,2
"344","Low","rain",2000,2
"345","Low","ready",2000,2
"346","Low","sexy",2000,2
"347","Low","that'll",2000,2
"348","Low","whoa",2000,2
"349","No One","days",2000,2
"350","No One","gonna",2000,2
"351","No One","nights",2000,2
"352","No One","talking",2000,2
"353","No One","worry",2000,2
"354","Party Rock Anthem","day",2010,2
"355","Party Rock Anthem","girl",2010,2
"356","Party Rock Anthem","half",2010,2
"357","Party Rock Anthem","money",2010,2
"358","Party Rock Anthem","roll",2010,2
"359","Party Rock Anthem","stop",2010,2
"360","Physical","gotta",1980,2
"361","Shape of You","boy",2010,2
"362","Shape of You","crazy",2010,2
"363","Shape of You","fill",2010,2
"364","Shape of You","girl",2010,2
"365","Shape of You","grab",2010,2
"366","Shape of You","handmade",2010,2
"367","Shape of You","hours",2010,2
"368","Shape of You","mind",2010,2
"369","Shape of You","singing",2010,2
"370","Shape of You","start",2010,2
"371","Shape of You","waist",2010,2
"372","Too Close","comin",1990,2
"373","Too Close","kinda",1990,2
"374","Too Close","love",1990,2
"375","Too Close","move",1990,2
"376","Too Close","poke",1990,2
"377","Too Close","step",1990,2
"378","Too Close","stop",1990,2
"379","Too Close","wanna",1990,2
"380","Un-Break My Heart","held",1990,2
"381","Un-Break My Heart","rain",1990,2
"382","Un-Break My Heart","unkind",1990,2
"383","Uptown Funk","band",2010,2
"384","Uptown Funk","bout",2010,2
"385","Uptown Funk","break",2010,2
"386","Uptown Funk","call",2010,2
"387","Uptown Funk","dance",2010,2
"388","Uptown Funk","dragon",2010,2
"389","Uptown Funk","fireman",2010,2
"390","Uptown Funk","flaunt",2010,2
"391","Uptown Funk","jump",2010,2
"392","Uptown Funk","money",2010,2
"393","Uptown Funk","police",2010,2
"394","Uptown Funk","retire",2010,2
"395","Uptown Funk","sexy",2010,2
"396","Uptown Funk","wanna",2010,2
"397","Yeah!","club",2000,2
"398","Yeah!","dance",2000,2
"399","Yeah!","game",2000,2
"400","Yeah!","head",2000,2
"401","Yeah!","i'ma",2000,2
"402","Yeah!","ludacris",2000,2
"403","Yeah!","stomp",2000,2
"404","(Everything I Do) I Do It for You","babe",1990,1
"405","(Everything I Do) I Do It for You","darling",1990,1
"406","(Everything I Do) I Do It for You","dyin",1990,1
"407","(Everything I Do) I Do It for You","dying",1990,1
"408","(Everything I Do) I Do It for You","eyes",1990,1
"409","(Everything I Do) I Do It for You","fight",1990,1
"410","(Everything I Do) I Do It for You","fightin",1990,1
"411","(Everything I Do) I Do It for You","hand",1990,1
"412","(Everything I Do) I Do It for You","hide",1990,1
"413","(Everything I Do) I Do It for You","lie",1990,1
"414","(Everything I Do) I Do It for You","life",1990,1
"415","(Everything I Do) I Do It for You","ow",1990,1
"416","(Everything I Do) I Do It for You","sacrifice",1990,1
"417","Bette Davis Eyes","appetite",1980,1
"418","Bette Davis Eyes","blue",1980,1
"419","Bette Davis Eyes","cold",1980,1
"420","Bette Davis Eyes","crumbs",1980,1
"421","Bette Davis Eyes","dice",1980,1
"422","Bette Davis Eyes","feet",1980,1
"423","Bette Davis Eyes","ferocious",1980,1
"424","Bette Davis Eyes","garbo",1980,1
"425","Bette Davis Eyes","gold",1980,1
"426","Bette Davis Eyes","greta",1980,1
"427","Bette Davis Eyes","hair",1980,1
"428","Bette Davis Eyes","hands",1980,1
"429","Bette Davis Eyes","harlow",1980,1
"430","Bette Davis Eyes","home",1980,1
"431","Bette Davis Eyes","lay",1980,1
"432","Bette Davis Eyes","lips",1980,1
"433","Bette Davis Eyes","music",1980,1
"434","Bette Davis Eyes","pure",1980,1
"435","Bette Davis Eyes","roll",1980,1
"436","Bette Davis Eyes","sighs",1980,1
"437","Bette Davis Eyes","snow",1980,1
"438","Bette Davis Eyes","stand",1980,1
"439","Bette Davis Eyes","surprise",1980,1
"440","Bette Davis Eyes","sweet",1980,1
"441","Bette Davis Eyes","throne",1980,1
"442","Bette Davis Eyes","throws",1980,1
"443","Bette Davis Eyes","tumble",1980,1
"444","Bette Davis Eyes","whets",1980,1
"445","Bette Davis Eyes","york",1980,1
"446","Closer","182",2010,1
"447","Closer","beat",2010,1
"448","Closer","blink",2010,1
"449","Closer","call",2010,1
"450","Closer","calls",2010,1
"451","Closer","day",2010,1
"452","Closer","death",2010,1
"453","Closer","drink",2010,1
"454","Closer","fine",2010,1
"455","Closer","forget",2010,1
"456","Closer","friends",2010,1
"457","Closer","hope",2010,1
"458","Closer","insane",2010,1
"459","Closer","issue",2010,1
"460","Closer","left",2010,1
"461","Closer","meet",2010,1
"462","Closer","nice",2010,1
"463","Closer","play",2010,1
"464","Closer","song",2010,1
"465","Closer","stay",2010,1
"466","Closer","tucson",2010,1
"467","Endless Love","arms",1980,1
"468","Endless Love","beat",1980,1
"469","Endless Love","begun",1980,1
"470","Endless Love","breath",1980,1
"471","Endless Love","bright",1980,1
"472","Endless Love","care",1980,1
"473","Endless Love","charms",1980,1
"474","Endless Love","close",1980,1
"475","Endless Love","deny",1980,1
"476","Endless Love","fool",1980,1
"477","Endless Love","forever",1980,1
"478","Endless Love","found",1980,1
"479","Endless Love","hold",1980,1
"480","Endless Love","inside",1980,1
"481","Endless Love","life",1980,1
"482","Endless Love","lives",1980,1
"483","Endless Love","ohhhhhh",1980,1
"484","Endless Love","ooh",1980,1
"485","Endless Love","oooh",1980,1
"486","Endless Love","resist",1980,1
"487","Endless Love","share",1980,1
"488","Endless Love","step",1980,1
"489","Endless Love","woow",1980,1
"490","Endless Love","world",1980,1
"491","Endless Love",NA,1980,1
"492","Every Breath You Take","cold",1980,1
"493","Every Breath You Take","crying",1980,1
"494","Every Breath You Take","dream",1980,1
"495","Every Breath You Take","embrace",1980,1
"496","Every Breath You Take","feel",1980,1
"497","Every Breath You Take","lost",1980,1
"498","Every Breath You Take","ooh",1980,1
"499","Every Breath You Take","replace",1980,1
"500","Every Breath You Take","trace",1980,1
"501","Every Breath You Take",NA,1980,1
"502","Eye of the Tiger","alive",1980,1
"503","Eye of the Tiger","chances",1980,1
"504","Eye of the Tiger","dreams",1980,1
"505","Eye of the Tiger","fast",1980,1
"506","Eye of the Tiger","feet",1980,1
"507","Eye of the Tiger","gonna",1980,1
"508","Eye of the Tiger","grip",1980,1
"509","Eye of the Tiger","guts",1980,1
"510","Eye of the Tiger","hanging",1980,1
"511","Eye of the Tiger","heat",1980,1
"512","Eye of the Tiger","hungry",1980,1
"513","Eye of the Tiger","kill",1980,1
"514","Eye of the Tiger","lose",1980,1
"515","Eye of the Tiger","odds",1980,1
"516","Eye of the Tiger","passion",1980,1
"517","Eye of the Tiger","past",1980,1
"518","Eye of the Tiger","skill",1980,1
"519","Eye of the Tiger","stack",1980,1
"520","Eye of the Tiger","staying",1980,1
"521","Eye of the Tiger","stop",1980,1
"522","Eye of the Tiger","straight",1980,1
"523","Eye of the Tiger","til",1980,1
"524","Eye of the Tiger","time",1980,1
"525","Eye of the Tiger","times",1980,1
"526","Eye of the Tiger","top",1980,1
"527","Eye of the Tiger","tough",1980,1
"528","Eye of the Tiger","trade",1980,1
"529","Foolish Games","art",1990,1
"530","Foolish Games","baroque",1990,1
"531","Foolish Games","bleeding",1990,1
"532","Foolish Games","brilliant",1990,1
"533","Foolish Games","care",1990,1
"534","Foolish Games","careless",1990,1
"535","Foolish Games","cigarettes",1990,1
"536","Foolish Games","clean",1990,1
"537","Foolish Games","clumsily",1990,1
"538","Foolish Games","coffee",1990,1
"539","Foolish Games","comment",1990,1
"540","Foolish Games","cool",1990,1
"541","Foolish Games","damn",1990,1
"542","Foolish Games","daring",1990,1
"543","Foolish Games","dark",1990,1
"544","Foolish Games","dollar",1990,1
"545","Foolish Games","doorway",1990,1
"546","Foolish Games","excuse",1990,1
"547","Foolish Games","eyes",1990,1
"548","Foolish Games","fashionably",1990,1
"549","Foolish Games","guitar",1990,1
"550","Foolish Games","hair",1990,1
"551","Foolish Games","hands",1990,1
"552","Foolish Games","hid",1990,1
"553","Foolish Games","knees",1990,1
"554","Foolish Games","line",1990,1
"555","Foolish Games","mistaken",1990,1
"556","Foolish Games","morning",1990,1
"557","Foolish Games","moved",1990,1
"558","Foolish Games","mozart",1990,1
"559","Foolish Games","must've",1990,1
"560","Foolish Games","mysterious",1990,1
"561","Foolish Games","notice",1990,1
"562","Foolish Games","philosophies",1990,1
"563","Foolish Games","sensitive",1990,1
"564","Foolish Games","smoking",1990,1
"565","Foolish Games","soiled",1990,1
"566","Foolish Games","speak",1990,1
"567","Foolish Games","strummed",1990,1
"568","Foolish Games","talking",1990,1
"569","Foolish Games","teach",1990,1
"570","Foolish Games","track",1990,1
"571","Foolish Games","watched",1990,1
"572","Foolish Games","weather",1990,1
"573","Foolish Games","window",1990,1
"574","Girls Like You","24",2010,1
"575","Girls Like You","45",2010,1
"576","Girls Like You","6",2010,1
"577","Girls Like You","alive",2010,1
"578","Girls Like You","barely",2010,1
"579","Girls Like You","day",2010,1
"580","Girls Like You","daylight",2010,1
"581","Girls Like You","drive",2010,1
"582","Girls Like You","drunk",2010,1
"583","Girls Like You","flight",2010,1
"584","Girls Like You","late",2010,1
"585","Girls Like You","night",2010,1
"586","Girls Like You","nights",2010,1
"587","Girls Like You","shit",2010,1
"588","Girls Like You","thinking",2010,1
"589","Girls Like You","time",2010,1
"590","Girls Like You","weekend",2010,1
"591","How Do I Live","arms",1990,1
"592","How Do I Live","heart",1990,1
"593","How Do I Live","hold",1990,1
"594","How Do I Live","left",1990,1
"595","How Do I Live","love",1990,1
"596","How Do I Live","night",1990,1
"597","How Do I Live","real",1990,1
"598","How Do I Live","sky",1990,1
"599","How Do I Live","soul",1990,1
"600","How Do I Live","sun",1990,1
"601","How You Remind Me","bad",2000,1
"602","How You Remind Me","blind",2000,1
"603","How You Remind Me","damn",2000,1
"604","How You Remind Me","feeling",2000,1
"605","How You Remind Me","killed",2000,1
"606","How You Remind Me","love",2000,1
"607","How You Remind Me","sense",2000,1
"608","How You Remind Me","sick",2000,1
"609","How You Remind Me","sight",2000,1
"610","How You Remind Me","swear",2000,1
"611","How You Remind Me","tired",2000,1
"612","I Gotta Feeling","ball",2000,1
"613","I Gotta Feeling","body",2000,1
"614","I Gotta Feeling","clock",2000,1
"615","I Gotta Feeling","control",2000,1
"616","I Gotta Feeling","drank",2000,1
"617","I Gotta Feeling","feel",2000,1
"618","I Gotta Feeling","friday",2000,1
"619","I Gotta Feeling","gotta",2000,1
"620","I Gotta Feeling","hey",2000,1
"621","I Gotta Feeling","hoo",2000,1
"622","I Gotta Feeling","l'chaim",2000,1
"623","I Gotta Feeling","lose",2000,1
"624","I Gotta Feeling","losin",2000,1
"625","I Gotta Feeling","monday",2000,1
"626","I Gotta Feeling","pay",2000,1
"627","I Gotta Feeling","shot",2000,1
"628","I Gotta Feeling","spaced",2000,1
"629","I Gotta Feeling","stop",2000,1
"630","I Gotta Feeling","stressed",2000,1
"631","I Gotta Feeling","sunday",2000,1
"632","I Gotta Feeling","thursday",2000,1
"633","I Gotta Feeling","top",2000,1
"634","I Gotta Feeling","tuesday",2000,1
"635","I Gotta Feeling","wanna",2000,1
"636","I Gotta Feeling","wednesday",2000,1
"637","I Gotta Feeling","weekend",2000,1
"638","I Gotta Feeling","woo",2000,1
"639","Low","baby",2000,1
"640","Low","bands",2000,1
"641","Low","bank",2000,1
"642","Low","bend",2000,1
"643","Low","bent",2000,1
"644","Low","birthday",2000,1
"645","Low","bottle",2000,1
"646","Low","bottles",2000,1
"647","Low","break",2000,1
"648","Low","cadillacs",2000,1
"649","Low","cakes",2000,1
"650","Low","close",2000,1
"651","Low","clothes",2000,1
"652","Low","clover",2000,1
"653","Low","cola",2000,1
"654","Low","control",2000,1
"655","Low","crack",2000,1
"656","Low","crazy",2000,1
"657","Low","dollar",2000,1
"658","Low","dough",2000,1
"659","Low","drinkin",2000,1
"660","Low","drop",2000,1
"661","Low","exposed",2000,1
"662","Low","flexible",2000,1
"663","Low","fly",2000,1
"664","Low","foamin",2000,1
"665","Low","fold",2000,1
"666","Low","gal",2000,1
"667","Low","girl",2000,1
"668","Low","glock",2000,1
"669","Low","gotta",2000,1
"670","Low","grand",2000,1
"671","Low","groan",2000,1
"672","Low","handle",2000,1
"673","Low","henny",2000,1
"674","Low","hey",2000,1
"675","Low","hold",2000,1
"676","Low","home",2000,1
"677","Low","hot",2000,1
"678","Low","i'ma",2000,1
"679","Low","legs",2000,1
"680","Low","lil",2000,1
"681","Low","lock",2000,1
"682","Low","love",2000,1
"683","Low","lucky",2000,1
"684","Low","makin",2000,1
"685","Low","mama",2000,1
"686","Low","maybachs",2000,1
"687","Low","million",2000,1
"688","Low","minute",2000,1
"689","Low","mo",2000,1
"690","Low","moan",2000,1
"691","Low","money",2000,1
"692","Low","mornin",2000,1
"693","Low","night",2000,1
"694","Low","nothin",2000,1
"695","Low","paper",2000,1
"696","Low","patron",2000,1
"697","Low","playin",2000,1
"698","Low","pole",2000,1
"699","Low","pop",2000,1
"700","Low","pornography",2000,1
"701","Low","poster",2000,1
"702","Low","prefer",2000,1
"703","Low","professional",2000,1
"704","Low","rocks",2000,1
"705","Low","roll",2000,1
"706","Low","rosay",2000,1
"707","Low","rover",2000,1
"708","Low","rubber",2000,1
"709","Low","sexual",2000,1
"710","Low","shones",2000,1
"711","Low","shoulder",2000,1
"712","Low","showin",2000,1
"713","Low","snow",2000,1
"714","Low","soldier",2000,1
"715","Low","spendin",2000,1
"716","Low","stack",2000,1
"717","Low","stole",2000,1
"718","Low","stop",2000,1
"719","Low","tattoo",2000,1
"720","Low","threw",2000,1
"721","Low","toaster",2000,1
"722","Low","told",2000,1
"723","Low","vibe",2000,1
"724","Low","wait",2000,1
"725","Low","woman",2000,1
"726","Low","women",2000,1
"727","Low","worth",2000,1
"728","Low","yeah",2000,1
"729","Low","zonin",2000,1
"730","No One","close",2000,1
"731","No One","divide",2000,1
"732","No One","forever",2000,1
"733","No One","heart",2000,1
"734","No One","hurting",2000,1
"735","No One","pouring",2000,1
"736","No One","rain",2000,1
"737","No One","real",2000,1
"738","No One","search",2000,1
"739","No One","stay",2000,1
"740","No One","telling",2000,1
"741","No One","till",2000,1
"742","No One","time",2000,1
"743","No One","world",2000,1
"744","Party Rock Anthem","bad",2010,1
"745","Party Rock Anthem","black",2010,1
"746","Party Rock Anthem","block",2010,1
"747","Party Rock Anthem","booty",2010,1
"748","Party Rock Anthem","cash",2010,1
"749","Party Rock Anthem","clap",2010,1
"750","Party Rock Anthem","club",2010,1
"751","Party Rock Anthem","crew",2010,1
"752","Party Rock Anthem","cup",2010,1
"753","Party Rock Anthem","devilish",2010,1
"754","Party Rock Anthem","domino",2010,1
"755","Party Rock Anthem","dough",2010,1
"756","Party Rock Anthem","drank",2010,1
"757","Party Rock Anthem","drano",2010,1
"758","Party Rock Anthem","fast",2010,1
"759","Party Rock Anthem","fill",2010,1
"760","Party Rock Anthem","flow",2010,1
"761","Party Rock Anthem","gainin",2010,1
"762","Party Rock Anthem","gots",2010,1
"763","Party Rock Anthem","halo",2010,1
"764","Party Rock Anthem","hatin",2010,1
"765","Party Rock Anthem","hey",2010,1
"766","Party Rock Anthem","hoes",2010,1
"767","Party Rock Anthem","huh",2010,1
"768","Party Rock Anthem","jeans",2010,1
"769","Party Rock Anthem","jock",2010,1
"770","Party Rock Anthem","led",2010,1
"771","Party Rock Anthem","mad",2010,1
"772","Party Rock Anthem","mess",2010,1
"773","Party Rock Anthem","moving",2010,1
"774","Party Rock Anthem","naked",2010,1
"775","Party Rock Anthem","oprah",2010,1
"776","Party Rock Anthem","reppin'on",2010,1
"777","Party Rock Anthem","rise",2010,1
"778","Party Rock Anthem","round",2010,1
"779","Party Rock Anthem","running",2010,1
"780","Party Rock Anthem","shot",2010,1
"781","Party Rock Anthem","shu",2010,1
"782","Party Rock Anthem","spot",2010,1
"783","Party Rock Anthem","step",2010,1
"784","Party Rock Anthem","tattoo",2010,1
"785","Party Rock Anthem","throw",2010,1
"786","Party Rock Anthem","tight",2010,1
"787","Party Rock Anthem","top",2010,1
"788","Party Rock Anthem","weight",2010,1
"789","Party Rock Anthem","white",2010,1
"790","Party Rock Anthem","zeppelin",2010,1
"791","Party Rock Anthem",NA,2010,1
"792","Physical","bringin",1980,1
"793","Physical","conversation",1980,1
"794","Physical","gettin",1980,1
"795","Physical","handle",1980,1
"796","Physical","hands",1980,1
"797","Physical","hard",1980,1
"798","Physical","holdin",1980,1
"799","Physical","horizontally",1980,1
"800","Physical","intimate",1980,1
"801","Physical","left",1980,1
"802","Physical","mentally",1980,1
"803","Physical","movie",1980,1
"804","Physical","patient",1980,1
"805","Physical","restaurant",1980,1
"806","Physical","suggestive",1980,1
"807","Physical","table",1980,1
"808","Physical","understand",1980,1
"809","Physical","view",1980,1
"810","Shape of You","backseat",2010,1
"811","Shape of You","bag",2010,1
"812","Shape of You","bar",2010,1
"813","Shape of You","begin",2010,1
"814","Shape of You","chance",2010,1
"815","Shape of You","club",2010,1
"816","Shape of You","conversation",2010,1
"817","Shape of You","dance",2010,1
"818","Shape of You","date",2010,1
"819","Shape of You","drinking",2010,1
"820","Shape of You","driver",2010,1
"821","Shape of You","eat",2010,1
"822","Shape of You","family",2010,1
"823","Shape of You","fast",2010,1
"824","Shape of You","friends",2010,1
"825","Shape of You","hand",2010,1
"826","Shape of You","jukebox",2010,1
"827","Shape of You","kiss",2010,1
"828","Shape of You","leave",2010,1
"829","Shape of You","lover",2010,1
"830","Shape of You","plate",2010,1
"831","Shape of You","play",2010,1
"832","Shape of You","radio",2010,1
"833","Shape of You","shots",2010,1
"834","Shape of You","slow",2010,1
"835","Shape of You","sour",2010,1
"836","Shape of You","stop",2010,1
"837","Shape of You","story",2010,1
"838","Shape of You","sweet",2010,1
"839","Shape of You","table",2010,1
"840","Shape of You","taxi",2010,1
"841","Shape of You","thrifty",2010,1
"842","Shape of You","trust",2010,1
"843","Shape of You","van",2010,1
"844","Shape of You","week",2010,1
"845","Too Close","bad",1990,1
"846","Too Close","dance",1990,1
"847","Too Close","deny",1990,1
"848","Too Close","hold",1990,1
"849","Too Close","i'ma",1990,1
"850","Too Close","idea",1990,1
"851","Too Close","makes",1990,1
"852","Too Close","naked",1990,1
"853","Too Close","requested",1990,1
"854","Too Close","sexin",1990,1
"855","Too Close","sexually",1990,1
"856","Too Close","songs",1990,1
"857","Un-Break My Heart","arms",1990,1
"858","Un-Break My Heart","baby",1990,1
"859","Un-Break My Heart","cruel",1990,1
"860","Un-Break My Heart","darlin",1990,1
"861","Un-Break My Heart","day",1990,1
"862","Un-Break My Heart","forget",1990,1
"863","Un-Break My Heart","goodbye",1990,1
"864","Un-Break My Heart","hold",1990,1
"865","Un-Break My Heart","joy",1990,1
"866","Un-Break My Heart","kiss",1990,1
"867","Un-Break My Heart","left",1990,1
"868","Un-Break My Heart","sad",1990,1
"869","Un-Break My Heart","smile",1990,1
"870","Un-Break My Heart","sweet",1990,1
"871","Un-Break My Heart","time",1990,1
"872","Un-Break My Heart","word",1990,1
"873","Uptown Funk","aww",2010,1
"874","Uptown Funk","bitch",2010,1
"875","Uptown Funk","brag",2010,1
"876","Uptown Funk","check",2010,1
"877","Uptown Funk","chucks",2010,1
"878","Uptown Funk","city",2010,1
"879","Uptown Funk","cold",2010,1
"880","Uptown Funk","cup",2010,1
"881","Uptown Funk","fill",2010,1
"882","Uptown Funk","freaky",2010,1
"883","Uptown Funk","fresh",2010,1
"884","Uptown Funk","gold",2010,1
"885","Uptown Funk","gotta",2010,1
"886","Uptown Funk","harlem",2010,1
"887","Uptown Funk","hollywood",2010,1
"888","Uptown Funk","hood",2010,1
"889","Uptown Funk","ice",2010,1
"890","Uptown Funk","jackson",2010,1
"891","Uptown Funk","jar",2010,1
"892","Uptown Funk","julio",2010,1
"893","Uptown Funk","kiss",2010,1
"894","Uptown Funk","laurent",2010,1
"895","Uptown Funk","leave",2010,1
"896","Uptown Funk","lemme",2010,1
"897","Uptown Funk","lil",2010,1
"898","Uptown Funk","liquor",2010,1
"899","Uptown Funk","livin",2010,1
"900","Uptown Funk","masterpieces",2010,1
"901","Uptown Funk","michelle",2010,1
"902","Uptown Funk","minute",2010,1
"903","Uptown Funk","mississippi",2010,1
"904","Uptown Funk","mwah",2010,1
"905","Uptown Funk","ow",2010,1
"906","Uptown Funk","pfeiffer",2010,1
"907","Uptown Funk","pretty",2010,1
"908","Uptown Funk","ride",2010,1
"909","Uptown Funk","saint",2010,1
"910","Uptown Funk","sign",2010,1
"911","Uptown Funk","sip",2010,1
"912","Uptown Funk","skippy",2010,1
"913","Uptown Funk","smoother",2010,1
"914","Uptown Funk","stop",2010,1
"915","Uptown Funk","straight",2010,1
"916","Uptown Funk","stretch",2010,1
"917","Uptown Funk","stylin",2010,1
"918","Uptown Funk","wait",2010,1
"919","Uptown Funk","white",2010,1
"920","Uptown Funk","wilin",2010,1
"921","Uptown Funk","y'all",2010,1
"922","Yeah!","alright",2000,1
"923","Yeah!","baby",2000,1
"924","Yeah!","bed",2000,1
"925","Yeah!","bend",2000,1
"926","Yeah!","birthday",2000,1
"927","Yeah!","blow",2000,1
"928","Yeah!","bring",2000,1
"929","Yeah!","certified",2000,1
"930","Yeah!","chance",2000,1
"931","Yeah!","checking",2000,1
"932","Yeah!","chill",2000,1
"933","Yeah!","clothes",2000,1
"934","Yeah!","conspicuous",2000,1
"935","Yeah!","conversation",2000,1
"936","Yeah!","cow",2000,1
"937","Yeah!","cups",2000,1
"938","Yeah!","cut",2000,1
"939","Yeah!","cutting",2000,1
"940","Yeah!","d's",2000,1
"941","Yeah!","dead",2000,1
"942","Yeah!","decided",2000,1
"943","Yeah!","double",2000,1
"944","Yeah!","drink",2000,1
"945","Yeah!","ear",2000,1
"946","Yeah!","feeling",2000,1
"947","Yeah!","feels",2000,1
"948","Yeah!","fill",2000,1
"949","Yeah!","floor",2000,1
"950","Yeah!","flow",2000,1
"951","Yeah!","foot",2000,1
"952","Yeah!","forget",2000,1
"953","Yeah!","freak",2000,1
"954","Yeah!","front",2000,1
"955","Yeah!","gimme",2000,1
"956","Yeah!","gonna",2000,1
"957","Yeah!","heavy",2000,1
"958","Yeah!","hell",2000,1
"959","Yeah!","hold",2000,1
"960","Yeah!","hundred",2000,1
"961","Yeah!","idea",2000,1
"962","Yeah!","jag",2000,1
"963","Yeah!","key",2000,1
"964","Yeah!","lady",2000,1
"965","Yeah!","lead",2000,1
"966","Yeah!","leaves",2000,1
"967","Yeah!","left",2000,1
"968","Yeah!","luda",2000,1
"969","Yeah!","milk",2000,1
"970","Yeah!","ohh",2000,1
"971","Yeah!","outfit's",2000,1
"972","Yeah!","patrol",2000,1
"973","Yeah!","peace",2000,1
"974","Yeah!","pinky's",2000,1
"975","Yeah!","prowl",2000,1
"976","Yeah!","real",2000,1
"977","Yeah!","rhythm",2000,1
"978","Yeah!","ridiculous",2000,1
"979","Yeah!","roar",2000,1
"980","Yeah!","rolls",2000,1
"981","Yeah!","spit",2000,1
"982","Yeah!","spitting",2000,1
"983","Yeah!","steady",2000,1
"984","Yeah!","stop",2000,1
"985","Yeah!","street",2000,1
"986","Yeah!","suit",2000,1
"987","Yeah!","supposed",2000,1
"988","Yeah!","ten",2000,1
"989","Yeah!","thinking",2000,1
"990","Yeah!","thousand",2000,1
"991","Yeah!","til",2000,1
"992","Yeah!","toes",2000,1
"993","Yeah!","touch",2000,1
"994","Yeah!","truth",2000,1
"995","Yeah!","twenty",2000,1
"996","Yeah!","ursh",2000,1
"997","Yeah!","ursher",2000,1
"998","Yeah!","valued",2000,1
"999","Yeah!","voice",2000,1
"1000","Yeah!","women",2000,1
"1001","Yeah!",NA,2000,1
